ApplicantIncome,CoapplicantIncome,LoanAmount,Credit_History_Missing,Credit_History_No,Credit_History_Yes,Dependents_-1,Dependents_0,Dependents_1,Dependents_2,Dependents_3+,Education_Graduate,Education_Not Graduate,Gender_Female,Gender_Male,Gender_None,Married_No,Married_None,Married_Yes,Property_Area_Rural,Property_Area_Semiurban,Property_Area_Urban,Self_Employed_No,Self_Employed_None,Self_Employed_Yes,Loan_Amount_Term
0.6701807049141254,-0.9038415053136392,0.0,0,0,1,0,1,0,0,0,1,0,0,1,0,1,0,0,0,0,1,1,0,0,360.0
0.2937785368412325,0.03885926256228664,0.03351031343955529,0,0,1,0,0,1,0,0,1,0,0,1,0,0,0,1,1,0,0,1,0,0,360.0
-0.36007026917473184,-0.9038415053136392,-1.37147033853771,0,0,1,0,1,0,0,0,1,0,0,1,0,0,0,1,0,0,1,0,0,1,360.0
-0.5909820881856881,0.09640513091743395,-0.10379201650361795,0,0,1,0,1,0,0,0,0,1,0,1,0,0,0,1,0,0,1,1,0,0,360.0
0.7095148534296686,-0.9038415053136392,0.23942491593314463,0,0,1,0,1,0,0,0,1,0,0,1,0,1,0,0,0,0,1,1,0,0,360.0
0.5517745911072375,0.17060997157386065,1.6015993198694516,0,0,1,0,0,0,1,0,1,0,0,1,0,0,0,1,0,0,1,0,0,1,360.0
-0.7480365523512501,0.03954028617649178,-0.600147090887034,0,0,1,0,1,0,0,0,0,1,0,1,0,0,0,1,0,0,1,1,0,0,360.0
-0.34166514132446063,0.10413958860149011,0.4819320177108644,0,1,0,0,0,0,0,1,1,0,0,1,0,0,0,1,0,1,0,1,0,0,360.0
0.08613869204783685,0.04038653291960778,0.6127418515614882,0,0,1,0,0,0,1,0,1,0,0,1,0,0,0,1,0,0,1,1,0,0,360.0
1.8837684874542293,0.29434689258972696,2.174096469482532,0,0,1,0,0,1,0,0,1,0,0,1,0,0,0,1,0,1,0,1,0,0,360.0
-0.2604900346921067,-0.05988968796488884,-1.2471099132704362,0,0,1,0,0,0,1,0,1,0,0,1,0,0,0,1,0,0,1,1,0,0,360.0
-0.6413727437923272,0.06447231255307206,-0.30819579369611777,0,0,1,0,0,0,1,0,1,0,0,1,0,0,0,1,0,0,1,0,1,0,360.0
-0.3229747218863731,0.2554053441465986,0.9846316217658946,0,0,1,0,0,0,1,0,1,0,0,1,0,0,0,1,0,0,1,1,0,0,360.0
-1.103398919808321,0.12035109053063772,-0.21286381351313327,0,0,1,0,1,0,0,0,1,0,0,1,0,1,0,0,1,0,0,1,0,0,360.0
-1.6512968516424618,-0.003389870456816095,-4.190184447397753,0,0,1,0,0,0,1,0,1,0,0,1,0,0,0,1,0,0,1,1,0,0,120.0
0.41265182301764286,-0.9038415053136392,-0.016953577823020396,0,0,1,0,1,0,0,0,1,0,0,1,0,1,0,0,0,0,1,1,0,0,360.0
-0.0804660845643058,-0.9038415053136392,-0.4912599278947818,1,0,0,0,0,1,0,0,0,1,0,1,0,1,0,0,0,0,1,1,0,0,240.0
-0.11781659363377932,-0.9038415053136392,-1.073126737281347,0,1,0,0,1,0,0,0,1,0,1,0,0,1,0,0,0,0,1,1,0,0,360.0
0.39288577597779595,-0.9038415053136392,0.11506449066587074,0,0,1,0,1,0,0,0,0,1,0,1,0,0,0,1,1,0,0,1,0,0,360.0
-0.5808610277735796,0.14725609256097127,-0.1942955899351738,0,0,1,0,1,0,0,0,1,0,0,1,0,0,0,1,0,0,1,0,1,0,-1.0
1.0864521681608106,-0.9038415053136392,-0.40796338337382504,0,1,0,0,1,0,0,0,0,1,0,1,0,0,0,1,0,0,1,1,0,0,360.0
0.6978972476555948,0.20835157064815113,1.9549360990268905,0,0,1,0,0,1,0,0,1,0,0,1,0,0,0,1,0,0,1,1,0,0,360.0
-0.5808610277735796,0.06934615739574149,-0.17588675221631803,0,1,0,0,1,0,0,0,0,1,0,1,0,0,0,1,0,1,0,1,0,0,360.0
-0.1829130950709973,0.06974970328500749,-0.25048962817682546,0,1,0,0,0,0,1,0,0,1,0,0,1,0,0,1,1,0,0,1,0,0,360.0
-0.029399718409950416,0.1241480898724762,0.3853734910682526,1,0,0,0,0,1,0,0,1,0,0,1,0,0,0,1,0,1,0,0,1,0,360.0
1.4284045775128917,-0.9038415053136392,0.8863877383165468,0,0,1,0,1,0,0,0,1,0,0,1,0,0,0,1,0,1,0,0,0,1,360.0
-0.46707214286431625,0.09054076636914991,-0.0686335827706937,0,0,1,0,1,0,0,0,1,0,0,1,0,0,0,1,0,1,0,1,0,0,360.0
0.1686359464077845,-0.008959085181819149,-0.2887873677856882,0,0,1,0,0,0,1,0,0,1,0,1,0,0,0,1,0,0,1,1,0,0,360.0
-1.4902217408161216,-0.9038415053136392,-2.703649618194172,0,0,1,0,1,0,0,0,0,1,0,1,0,1,0,0,0,0,1,1,0,0,360.0
-0.015760841600485256,0.08044075321310816,-0.10379201650361795,0,0,1,0,0,0,1,0,1,0,1,0,0,1,0,0,0,1,0,0,1,0,360.0
0.14657043576023052,0.1423442541248208,0.9952749013087991,1,0,0,0,0,1,0,0,1,0,0,1,0,0,0,1,0,0,1,0,1,0,360.0
-0.2764845424069086,-0.9038415053136392,-1.1295672689921765,0,0,1,0,1,0,0,0,1,0,0,1,0,1,0,0,0,0,1,1,0,0,360.0
0.33004984571699425,-0.9038415053136392,-0.36749772199713526,0,0,1,0,0,1,0,0,1,0,0,1,0,1,0,0,1,0,0,0,0,1,360.0
-0.12221892457667109,0.05176203374444461,-0.21286381351313327,0,0,1,0,1,0,0,0,1,0,0,1,0,0,0,1,0,1,0,1,0,0,360.0
1.842230364542236,0.12740787980312573,1.9886042383064695,0,0,1,0,0,0,0,1,1,0,0,1,0,1,0,0,1,0,0,1,0,0,360.0
-0.7868761108853071,0.07944808324382108,0.0,0,0,1,0,1,0,0,0,1,0,0,1,0,0,0,1,0,0,1,1,0,0,360.0
-1.1243530317874115,0.022692933795298933,-0.4912599278947818,0,1,0,0,1,0,0,0,1,0,0,1,0,0,0,1,0,0,1,1,0,0,-1.0
-0.05029708857195487,0.034607535143352776,0.28426173561404544,0,0,1,0,1,0,0,0,1,0,1,0,0,0,0,1,0,1,0,1,0,0,360.0
0.14657043576023052,0.24032045635830687,0.806737655867088,0,0,1,0,1,0,0,0,1,0,0,1,0,1,0,0,0,0,1,1,0,0,360.0
-0.016584018250500192,0.05183922780786375,-0.2887873677856882,0,0,1,0,1,0,0,0,0,1,0,1,0,1,0,0,0,1,0,1,0,0,360.0
-0.07875065656644155,-0.9038415053136392,-0.9645153559941243,0,0,1,0,1,0,0,0,1,0,0,1,0,1,0,0,0,0,1,1,0,0,360.0
-1.1481643983090866,0.010842222779146688,-2.086681920090614,0,0,1,0,1,0,0,0,1,0,0,1,0,1,0,0,0,0,1,1,0,0,360.0
-0.7043539898342992,-0.9038415053136392,-1.1011613381353282,1,0,0,0,1,0,0,0,1,0,0,1,0,0,0,1,0,0,1,1,0,0,360.0
0.06089604818909708,0.09519832379160373,0.131009667658652,0,0,1,0,1,0,0,0,1,0,0,1,0,0,0,1,0,1,0,1,0,0,360.0
0.331036184774227,-0.9038415053136392,-0.5779228875893806,0,0,1,0,1,0,0,0,0,1,0,1,0,0,0,1,0,0,1,0,0,1,-1.0
-0.16241536775389437,-0.9038415053136392,-0.76251990743899,0,0,1,0,1,0,0,0,1,0,1,0,0,1,0,0,0,0,1,1,0,0,-1.0
0.6164898589874805,-0.9038415053136392,-2.225092292644953,0,0,1,0,0,1,0,0,1,0,0,1,0,0,0,1,0,0,1,1,0,0,360.0
0.6627754862708445,-0.9038415053136392,0.28426173561404544,0,0,1,0,1,0,0,0,1,0,0,1,0,0,0,1,0,0,1,1,0,0,360.0
-0.5543860015981151,0.14502961895208025,-0.10379201650361795,0,1,0,0,1,0,0,0,1,0,1,0,0,0,0,1,0,0,1,1,0,0,360.0
0.08382582021314591,0.09179179713233676,0.28426173561404544,0,0,1,0,1,0,0,0,1,0,1,0,0,1,0,0,0,1,0,1,0,0,360.0
-1.0421912096840003,0.049973679814499114,-0.4912599278947818,0,0,1,0,1,0,0,0,0,1,1,0,0,0,0,1,0,1,0,1,0,0,360.0
-0.31646118182891836,-0.9038415053136392,-0.10379201650361795,0,0,1,0,1,0,0,0,1,0,1,0,0,1,0,0,0,1,0,1,0,0,360.0
0.17009582467429202,-0.9038415053136392,-0.25048962817682546,0,0,1,0,1,0,0,0,1,0,1,0,0,1,0,0,0,1,0,1,0,0,360.0
0.3048500013364494,-0.9038415053136392,0.131009667658652,0,0,1,0,0,0,1,0,1,0,0,1,0,0,0,1,0,0,1,1,0,0,360.0
1.713545240934,-0.9038415053136392,1.748495326500436,0,1,0,0,0,1,0,0,1,0,1,0,0,0,0,1,0,0,1,0,0,1,360.0
-0.5180677099001889,0.005867027095447352,-0.5559266288554955,0,0,1,0,0,0,1,0,1,0,0,1,0,0,0,1,0,1,0,1,0,0,360.0
-0.887031101046697,0.04575562635715889,-0.5779228875893806,0,0,1,0,1,0,0,0,1,0,0,1,0,0,0,1,0,1,0,1,0,0,360.0
-0.1824546200394984,0.08747606087127123,0.14683716699625754,0,0,1,0,1,0,0,0,1,0,0,1,0,0,0,1,1,0,0,1,0,0,360.0
1.1688312150552616,0.09036922588968474,0.7598589275998693,0,0,1,0,0,1,0,0,1,0,0,1,0,0,0,1,0,0,1,1,0,0,360.0
-0.18658580633923302,0.12120959836740144,0.28426173561404544,0,0,1,0,0,0,1,0,0,1,0,1,0,0,0,1,0,0,1,1,0,0,360.0
-0.6413727437923272,0.15770970178962954,-0.10379201650361795,0,0,1,0,1,0,0,0,1,0,0,1,0,0,0,1,0,0,1,1,0,0,360.0
-0.34522676917005757,-0.9038415053136392,-0.5125995708886175,0,0,1,0,0,0,0,1,1,0,0,1,0,0,0,1,0,0,1,1,0,0,360.0
-0.5755295676116711,0.14536605351244508,0.5743297842384334,0,1,0,0,1,0,0,0,0,1,0,1,0,0,0,1,1,0,0,0,0,1,180.0
0.41109230365469596,-0.9038415053136392,0.0,0,1,0,0,0,1,0,0,1,0,0,1,0,0,0,1,1,0,0,1,0,0,360.0
0.14657043576023052,-0.9038415053136392,-0.17588675221631803,0,1,0,0,1,0,0,0,1,0,1,0,0,1,0,0,0,1,0,1,0,0,360.0
0.63738252677614,0.18230696554679252,1.5283415414854395,0,0,1,0,1,0,0,0,1,0,0,1,0,0,0,1,0,1,0,1,0,0,360.0
-0.2604900346921067,0.09059789579610542,0.0,0,1,0,0,1,0,0,0,0,1,0,1,0,1,0,0,0,0,1,1,0,0,180.0
1.6094619420505218,-0.9038415053136392,1.934478553510903,0,0,1,0,0,1,0,0,1,0,0,1,0,0,0,1,0,0,1,1,0,0,360.0
0.9692931873939652,-0.9038415053136392,-0.016953577823020396,0,0,1,0,0,0,0,1,0,1,0,1,0,0,0,1,0,0,1,0,0,1,60.0
0.19542267817525155,-0.9038415053136392,0.1625487129167218,0,1,0,0,1,0,0,0,1,0,1,0,0,1,0,0,0,1,0,1,0,0,360.0
-0.2566374119561935,0.13020979886931064,0.6629106053535379,0,0,1,0,1,0,0,0,1,0,0,1,0,0,0,1,0,0,1,1,0,0,360.0
-1.0851917188597204,0.066897964112103,-0.5559266288554955,0,0,1,0,0,0,1,0,0,1,0,1,0,0,0,1,0,1,0,0,0,1,360.0
-0.12221892457667109,-0.9038415053136392,-0.9382007138707157,0,0,1,0,1,0,0,0,1,0,0,1,0,1,0,0,0,1,0,1,0,0,300.0
0.35063174441121786,-0.9038415053136392,-0.600147090887034,0,1,0,0,0,0,0,1,0,1,0,1,0,0,0,1,0,1,0,1,0,0,-1.0
0.5081475624726319,0.05977008281066679,0.8412362511233503,0,0,1,0,0,0,0,1,1,0,0,1,0,0,0,1,0,1,0,0,0,1,360.0
-0.015760841600485256,-0.9038415053136392,-0.23159420703530448,0,0,1,0,1,0,0,0,1,0,0,1,0,1,0,0,0,0,1,1,0,0,480.0
-0.015760841600485256,0.1865790454337485,0.7119325437437979,0,0,1,0,1,0,0,0,1,0,0,1,0,1,0,0,0,0,1,1,0,0,360.0
-2.0547019126540826,0.12834864175491376,-0.2887873677856882,0,0,1,0,0,1,0,0,1,0,0,1,0,0,0,1,0,0,1,0,0,1,360.0
-0.2764845424069086,0.16445010901328616,0.7598589275998693,0,1,0,0,0,0,0,1,1,0,0,1,0,0,0,1,0,1,0,1,0,0,300.0
-0.19765666921735264,0.0854709187750251,0.0665050630984675,1,0,0,0,0,0,0,1,0,1,0,1,0,0,0,1,0,1,0,0,0,1,360.0
0.023244075219891257,-0.9038415053136392,-0.2695530108194872,0,0,1,0,1,0,0,0,1,0,1,0,0,1,0,0,0,1,0,1,0,0,360.0
-0.7075715356778423,-0.9038415053136392,0.0,0,0,1,0,0,1,0,0,1,0,0,1,0,0,0,1,0,1,0,0,0,1,360.0
-1.560241681585142,0.06730924160140613,0.6000141202805367,0,0,1,0,0,0,1,0,1,0,1,0,0,0,0,1,0,0,1,1,0,0,360.0
0.7095148534296686,0.09036922588968474,1.5855347022358233,1,0,0,0,1,0,0,0,1,0,0,1,0,0,0,1,0,1,0,1,0,0,360.0
0.07918965297602948,-0.9038415053136392,-1.9566653603108815,0,0,1,0,0,1,0,0,1,0,0,1,0,0,0,1,0,0,1,1,0,0,240.0
-0.7263667413880401,0.10552040542242959,0.1625487129167218,0,0,1,0,1,0,0,0,1,0,0,1,0,1,0,0,0,1,0,1,0,0,360.0
-0.19765666921735264,0.07520612427635782,-0.5125995708886175,1,0,0,0,0,0,1,0,0,1,0,1,0,0,0,1,0,1,0,1,0,0,360.0
-0.6413727437923272,0.08258590876365457,-0.40796338337382504,0,0,1,0,1,0,0,0,1,0,0,1,0,0,0,1,0,1,0,1,0,0,360.0
1.2589721209837101,-0.9038415053136392,1.0887596665402,0,0,1,0,1,0,0,0,1,0,0,1,0,1,0,0,0,0,1,1,0,0,360.0
0.6290051724715415,0.16971692545263034,0.6997817099582421,0,0,1,0,1,0,0,0,1,0,0,1,0,0,0,1,0,1,0,1,0,0,360.0
-0.3818240385556355,0.1230428978247304,0.08281401185468498,0,0,1,0,1,0,0,0,1,0,0,1,0,0,0,1,0,1,0,1,0,0,360.0
0.7725115252140506,0.2090137741169451,0.8526135532770035,0,0,1,0,0,0,1,0,1,0,0,1,0,0,0,1,0,1,0,1,0,0,180.0
-0.2256863048261669,0.06306543574719033,-0.9382007138707157,0,0,1,0,0,0,1,0,0,1,0,1,0,0,0,1,0,0,1,1,0,0,360.0
0.13429858361334315,-0.9038415053136392,-0.0686335827706937,0,0,1,0,1,0,0,0,1,0,0,1,0,1,0,0,0,1,0,1,0,0,360.0
-0.0702019989765211,-0.9038415053136392,-3.4015558436199456,0,0,1,0,1,0,0,0,0,1,0,1,0,1,0,0,0,1,0,1,0,0,120.0
0.8985779871326707,-0.9038415053136392,0.0,1,0,0,0,1,0,0,0,1,0,0,1,0,1,0,0,0,0,1,0,1,0,360.0
-0.6512786337574252,0.09331072884663442,0.17814599203767134,0,0,1,0,1,0,0,0,1,0,1,0,0,0,0,1,0,1,0,1,0,0,360.0
-1.0034743841977185,-0.014392285536701441,-1.9566653603108815,0,0,1,0,1,0,0,0,1,0,0,1,0,0,0,1,0,1,0,1,0,0,360.0
0.1546977968104733,-0.9038415053136392,-0.1942955899351738,0,0,1,0,1,0,0,0,0,1,0,1,0,0,0,1,0,1,0,1,0,0,180.0
-1.183707504162835,0.1487556778463773,0.08281401185468498,0,0,1,0,1,0,0,0,1,0,0,1,0,0,0,1,0,1,0,1,0,0,360.0
0.19111034145003541,0.13822794996917265,0.11506449066587074,0,0,1,0,0,0,1,0,0,1,0,1,0,0,0,1,0,0,1,1,0,0,180.0
0.37892923369429726,0.1580484665587274,0.3853734910682526,0,0,1,0,1,0,0,0,1,0,0,1,0,1,0,0,0,1,0,1,0,0,360.0
1.9780608952620375,-0.9038415053136392,0.0,0,0,1,1,0,0,0,0,1,0,0,1,0,0,0,1,0,0,1,1,0,0,360.0
0.3168380707849617,0.15027394640114647,0.0,0,0,1,0,1,0,0,0,1,0,0,1,0,0,0,1,0,1,0,1,0,0,360.0
0.011160588276995606,-0.0503315845393291,0.5087400721052182,0,0,1,1,0,0,0,0,1,0,0,1,0,0,1,0,0,0,1,1,0,0,360.0
-0.33355500807815147,-0.010202321581384788,-0.4912599278947818,0,0,1,0,0,1,0,0,1,0,0,1,0,0,0,1,0,0,1,1,0,0,360.0
1.702366094971019,0.001264594129627626,1.2360452010267555,0,0,1,0,0,0,1,0,1,0,0,1,0,0,0,1,0,0,1,1,0,0,360.0
1.019124365484753,-0.9038415053136392,-0.10379201650361795,0,0,1,0,1,0,0,0,0,1,0,1,0,1,0,0,1,0,0,0,1,0,360.0
0.0046771713099941605,0.15088343144837615,1.1488930384681544,0,1,0,0,0,0,1,0,1,0,0,1,0,0,0,1,0,0,1,1,0,0,360.0
-0.9318146598125564,-0.0503315845393291,-0.6226040125861091,0,0,1,0,0,0,0,1,0,1,0,1,0,0,0,1,0,1,0,1,0,0,480.0
0.5227305902904799,-0.9038415053136392,0.1625487129167218,0,0,1,0,1,0,0,0,1,0,0,1,0,1,0,0,0,0,1,1,0,0,360.0
-0.3970254619218355,0.09503287959292775,0.20900431472973202,0,0,1,0,1,0,0,0,1,0,1,0,0,0,0,1,0,1,0,0,1,0,360.0
-0.09079888420733002,0.1680686331465475,0.39943659999272246,0,1,0,0,1,0,0,0,0,1,0,1,0,0,0,1,1,0,0,1,0,0,-1.0
1.043760060891743,-0.9038415053136392,0.0,0,0,1,0,0,1,0,0,1,0,1,0,0,1,0,0,0,1,0,0,0,1,360.0
0.4435158024866998,-0.9038415053136392,-0.13953645103975268,0,0,1,0,1,0,0,0,1,0,0,1,0,1,0,0,0,1,0,0,1,0,360.0
2.0801022691398505,-0.9038415053136392,0.8182989584006076,0,0,1,0,0,1,0,0,1,0,0,1,0,0,0,1,1,0,0,1,0,0,180.0
-0.2764845424069086,0.09224372142391993,0.42728915284980296,0,0,1,0,1,0,0,0,1,0,1,0,0,0,0,1,0,1,0,1,0,0,360.0
-0.8288073590379443,0.029110586366294856,-0.8360568176604686,1,0,0,0,0,1,0,0,1,0,0,1,0,0,0,1,0,0,1,1,0,0,360.0
0.5942022891281497,0.0840364914277331,0.6997817099582421,0,0,1,0,1,0,0,0,1,0,0,1,0,0,0,1,1,0,0,1,0,0,360.0
1.55956515700776,-0.9038415053136392,1.5366059695400154,0,0,1,0,1,0,0,0,1,0,1,0,0,1,0,0,0,0,1,1,0,0,360.0
0.6213992484031075,0.11225908354783647,0.7598589275998693,0,0,1,1,0,0,0,0,1,0,0,1,0,0,0,1,1,0,0,1,0,0,360.0
0.14657043576023052,-0.9038415053136392,-2.225092292644953,0,0,1,0,1,0,0,0,1,0,1,0,0,1,0,0,0,1,0,1,0,0,360.0
-0.8834172942396205,0.2685921444797115,0.17814599203767134,0,1,0,0,1,0,0,0,1,0,1,0,0,1,0,0,0,1,0,1,0,0,360.0
-0.38234574083614636,-0.9038415053136392,-0.9382007138707157,0,0,1,0,0,0,1,0,1,0,0,1,0,0,0,1,0,1,0,1,0,0,360.0
0.19542267817525155,0.0761041239665486,0.9196382714364583,0,0,1,0,1,0,0,0,0,1,0,1,0,0,0,1,1,0,0,1,0,0,360.0
-0.03981303669942651,-0.9038415053136392,-0.6452985780802306,1,0,0,0,1,0,0,0,1,0,1,0,0,1,0,0,1,0,0,1,0,0,360.0
2.8362855900979964,-0.9038415053136392,2.299060926981992,0,0,1,0,0,0,0,1,1,0,0,0,1,0,0,1,1,0,0,1,0,0,360.0
0.030848308794388886,0.04966011108759313,0.0,0,0,1,0,1,0,0,0,1,0,0,1,0,1,0,0,1,0,0,1,0,0,360.0
1.5750566505444383,0.1595285363327927,0.5087400721052182,0,1,0,0,0,1,0,0,1,0,0,1,0,0,0,1,0,0,1,0,0,1,180.0
0.7299548963295787,0.10743903559161355,0.7834263782404077,1,0,0,0,1,0,0,0,1,0,0,1,0,0,0,1,1,0,0,1,0,0,360.0
2.5803712501714173,-0.9038415053136392,3.5049949987717572,1,0,0,0,1,0,0,0,1,0,0,1,0,1,0,0,0,0,1,0,0,1,480.0
-0.974869569118604,0.07055302163315125,-1.1295672689921765,0,0,1,0,1,0,0,0,1,0,0,1,0,1,0,0,0,0,1,1,0,0,360.0
-0.5123806873195049,-0.9038415053136392,-1.2471099132704362,0,0,1,0,1,0,0,0,1,0,0,1,0,1,0,0,0,1,0,1,0,0,360.0
-0.14040092005624707,-0.9038415053136392,-3.4015558436199456,0,0,1,0,1,0,0,0,1,0,0,1,0,0,0,1,0,1,0,0,0,1,120.0
0.3954098258979369,-0.9038415053136392,-0.44920727806258326,0,0,1,0,1,0,0,0,1,0,0,1,0,1,0,0,0,1,0,1,0,0,360.0
0.08382582021314591,0.2496215256834448,1.7781790727142242,0,0,1,0,0,0,0,1,1,0,0,1,0,0,0,1,0,1,0,1,0,0,360.0
0.2937785368412325,-0.9038415053136392,-0.8611403366581042,0,0,1,0,1,0,0,0,1,0,1,0,0,0,0,1,1,0,0,1,0,0,360.0
-0.2055468548250247,0.14725609256097127,-0.76251990743899,0,0,1,0,0,0,1,0,1,0,0,1,0,0,0,1,0,0,1,0,0,1,360.0
2.123512226967804,-0.9038415053136392,1.3915866043094787,0,1,0,0,1,0,0,0,1,0,0,1,0,1,0,0,0,1,0,1,0,0,360.0
0.15911293073563998,0.032023463384925344,0.05007114033643439,0,0,1,0,0,0,1,0,0,1,0,1,0,0,0,1,1,0,0,1,0,0,360.0
0.44106926948830283,0.08044075321310816,0.8182989584006076,0,0,1,0,0,0,1,0,1,0,0,1,0,0,0,1,1,0,0,1,0,0,360.0
0.5517745911072375,-0.9038415053136392,0.6127418515614882,0,0,1,0,1,0,0,0,1,0,0,1,0,1,0,0,0,0,1,1,0,0,360.0
0.9363402665843336,-0.9038415053136392,0.6997817099582421,0,0,1,0,1,0,0,0,1,0,0,1,0,1,0,0,0,1,0,0,0,1,180.0
-0.5237757644169693,0.07737621619327258,-0.0686335827706937,0,0,1,0,1,0,0,0,1,0,0,1,0,0,0,1,0,1,0,1,0,0,360.0
1.7476554247969174,-0.9038415053136392,0.8412362511233503,0,0,1,0,0,0,1,0,1,0,0,1,0,0,0,1,0,0,1,1,0,0,180.0
-0.7500217052708221,0.1792155447177839,-0.4912599278947818,0,0,1,0,1,0,0,0,1,0,1,0,0,0,0,1,0,1,0,1,0,0,360.0
2.109765882899856,-0.9038415053136392,-1.2471099132704362,0,0,1,0,0,0,1,0,1,0,1,0,0,0,0,1,0,0,1,1,0,0,360.0
-1.3908099274455574,0.031572646365483716,-3.024337831106578,0,0,1,0,0,1,0,0,1,0,0,1,0,0,0,1,0,0,1,1,0,0,360.0
1.4978489370946781,0.0516847933877312,1.2360452010267555,0,0,1,0,1,0,0,0,1,0,1,0,0,1,0,0,1,0,0,1,0,0,360.0
0.3843365045720037,-0.03797827698279136,-0.016953577823020396,0,0,1,0,1,0,0,0,1,0,0,1,0,0,0,1,0,1,0,1,0,0,360.0
0.7791638328890674,-0.9038415053136392,-0.13953645103975268,0,1,0,0,1,0,0,0,1,0,0,1,0,1,0,0,1,0,0,1,0,0,360.0
-0.594570132069342,0.15613980387349055,0.39943659999272246,0,0,1,0,1,0,0,0,1,0,0,1,0,0,0,1,1,0,0,0,0,1,360.0
1.3634524761160465,-0.9038415053136392,1.4091655258973046,0,0,1,0,1,0,0,0,1,0,0,1,0,1,0,0,0,0,1,1,0,0,360.0
-0.7828125995021327,-0.9038415053136392,-0.23159420703530448,0,0,1,0,0,0,1,0,0,1,0,1,0,0,0,1,1,0,0,1,0,0,360.0
-0.23466953357330464,-0.9038415053136392,-1.9566653603108815,0,0,1,0,1,0,0,0,1,0,0,1,0,1,0,0,0,0,1,1,0,0,360.0
0.7095148534296686,-0.9038415053136392,0.5087400721052182,1,0,0,0,0,1,0,0,1,0,0,1,0,0,0,1,1,0,0,1,0,0,360.0
1.4248489700757134,-0.9038415053136392,0.8412362511233503,0,0,1,0,0,1,0,0,1,0,0,1,0,0,0,1,0,0,1,1,0,0,360.0
-0.3703909775210608,0.08044075321310816,-0.10379201650361795,0,0,1,0,1,0,0,0,1,0,0,1,0,1,0,0,1,0,0,0,1,0,360.0
0.2937785368412325,0.20835157064815113,1.5033554364201038,0,0,1,0,1,0,0,0,1,0,0,1,0,0,0,1,0,1,0,1,0,0,360.0
-1.0950962844988885,-0.008835419026414118,-0.534153686248872,0,0,1,0,1,0,0,0,0,1,0,1,0,0,0,1,0,1,0,1,0,0,360.0
1.140495975462685,-0.9038415053136392,1.6646808212412503,0,0,1,0,1,0,0,0,1,0,0,1,0,0,0,1,0,0,1,1,0,0,360.0
-0.3149619527822408,0.01776130950864196,-0.08614075285961609,0,1,0,0,0,1,0,0,1,0,0,1,0,0,0,1,0,1,0,1,0,0,360.0
0.1469407911746502,0.03354454459004058,0.4819320177108644,0,0,1,0,0,0,1,0,1,0,0,1,0,0,0,1,1,0,0,1,0,0,360.0
1.3896628967440305,-0.9038415053136392,-1.1011613381353282,0,0,1,0,1,0,0,0,1,0,0,1,0,0,0,1,0,0,1,1,0,0,180.0
-0.03355661880089597,0.13434227689120842,0.7834263782404077,0,0,1,0,1,0,0,0,1,0,0,1,0,0,0,1,1,0,0,1,0,0,-1.0
0.2937785368412325,-0.9038415053136392,-0.25048962817682546,0,0,1,0,1,0,0,0,1,0,1,0,0,0,0,1,1,0,0,1,0,0,360.0
-0.679484709349524,0.14096096562725335,0.05007114033643439,0,0,1,0,1,0,0,0,1,0,0,1,0,0,0,1,1,0,0,1,0,0,360.0
-0.8128631381178656,-0.9038415053136392,-1.4697142219870578,0,1,0,0,1,0,0,0,1,0,0,1,0,1,0,0,0,1,0,1,0,0,480.0
1.1534752253655198,-0.9038415053136392,0.9846316217658946,0,0,1,0,0,0,1,0,1,0,0,1,0,0,0,1,0,1,0,1,0,0,360.0
-1.1311188779408,0.059406758758855226,-0.600147090887034,0,0,1,0,1,0,0,0,0,1,0,1,0,0,0,1,1,0,0,0,1,0,360.0
-0.112550317786495,-0.9038415053136392,-0.9382007138707157,0,0,1,0,0,0,0,1,0,1,0,1,0,0,0,1,1,0,0,1,0,0,180.0
0.6325237939635927,0.20835157064815113,0.8412362511233503,0,0,1,0,1,0,0,0,1,0,0,1,0,0,0,1,0,1,0,1,0,0,360.0
0.21113229147614113,-0.05343946888971418,-0.786753119245337,0,0,1,0,1,0,0,0,0,1,0,1,0,0,0,1,0,1,0,0,0,1,360.0
-0.12354207612122266,0.07286781573955185,-0.17588675221631803,0,0,1,0,1,0,0,0,1,0,0,1,0,0,0,1,1,0,0,1,0,0,360.0
-0.9513048948718236,0.04800123252261888,-0.4701305311073014,0,0,1,0,0,0,1,0,1,0,0,1,0,0,0,1,1,0,0,1,0,0,360.0
0.5797227094601504,0.298187413546786,2.9218014857077454,0,1,0,0,0,0,0,1,1,0,0,1,0,0,0,1,0,1,0,1,0,0,360.0
-0.015760841600485256,-0.9038415053136392,-0.17588675221631803,0,0,1,0,0,1,0,0,1,0,0,1,0,0,0,1,0,1,0,1,0,0,360.0
-0.7480365523512501,0.03389985044559662,-0.44920727806258326,0,1,0,0,1,0,0,0,0,1,0,1,0,1,0,0,0,0,1,1,0,0,480.0
0.8091111577961718,0.24103293662050054,0.7598589275998693,0,1,0,0,0,1,0,0,1,0,0,1,0,0,0,1,0,0,1,1,0,0,360.0
-1.0518227927781232,0.194796577661952,-1.3396976622073233,1,0,0,0,1,0,0,0,1,0,0,1,0,1,0,0,1,0,0,1,0,0,360.0
0.2994919358741699,-0.9038415053136392,-1.1583544988857102,0,0,1,0,1,0,0,0,1,0,0,1,0,0,0,1,0,1,0,1,0,0,180.0
-0.06807221226877799,-0.9038415053136392,-0.32778146795792146,0,0,1,0,1,0,0,0,1,0,1,0,0,0,0,1,0,1,0,1,0,0,360.0
-0.8540989684438702,-0.9038415053136392,-1.37147033853771,0,1,0,0,0,1,0,0,1,0,0,1,0,0,0,1,1,0,0,0,0,1,300.0
-0.715321122747501,0.08379585933352736,-1.6441694165598049,1,0,0,0,1,0,0,0,1,0,0,1,0,0,0,1,1,0,0,1,0,0,360.0
-2.662888610106633,0.200590431960983,0.6127418515614882,0,0,1,0,1,0,0,0,1,0,0,0,1,0,0,1,1,0,0,0,0,1,360.0
1.3904903541070093,-0.9038415053136392,0.8526135532770035,0,0,1,0,1,0,0,0,1,0,0,1,0,0,0,1,1,0,0,1,0,0,180.0
0.39225411802660276,-0.9038415053136392,-2.042461458059077,0,0,1,0,1,0,0,0,0,1,0,1,0,1,0,0,1,0,0,1,0,0,360.0
1.779228549164162,-0.9038415053136392,0.5613713374039042,0,0,1,0,1,0,0,0,1,0,0,1,0,1,0,0,0,1,0,1,0,0,360.0
0.7179791960409877,-0.9038415053136392,0.5087400721052182,0,0,1,0,1,0,0,0,0,1,0,1,0,0,0,1,0,0,1,1,0,0,360.0
0.028051105886296966,-0.9038415053136392,-1.073126737281347,0,0,1,0,1,0,0,0,1,0,0,1,0,1,0,0,0,1,0,1,0,0,360.0
0.15580276489169312,-0.9038415053136392,-0.10379201650361795,0,0,1,0,1,0,0,0,1,0,0,1,0,1,0,0,1,0,0,1,0,0,360.0
-0.2970838820581945,0.10813875639423517,0.6379729240647194,0,0,1,0,0,1,0,0,1,0,0,1,0,0,0,1,0,1,0,1,0,0,360.0
1.216412736767657,0.15613980387349055,0.8412362511233503,0,0,1,0,1,0,0,0,1,0,0,1,0,1,0,0,1,0,0,1,0,0,360.0
-1.0590861293925624,0.09678675576243523,-0.10379201650361795,0,0,1,0,1,0,0,0,0,1,1,0,0,1,0,0,0,0,1,1,0,0,-1.0
-0.15970279028558348,0.11925841554913492,-0.23159420703530448,1,0,0,0,1,0,0,0,1,0,1,0,0,0,0,1,0,1,0,1,0,0,360.0
1.644941993259332,-0.9038415053136392,-0.8865207089230442,0,0,1,0,1,0,0,0,1,0,0,1,0,1,0,0,0,0,1,0,0,1,360.0
-0.5808610277735796,0.10393375828847273,-0.7148598032487951,0,0,1,0,0,1,0,0,0,1,0,1,0,0,0,1,0,1,0,1,0,0,360.0
0.4042116365334182,-0.9038415053136392,0.5872104020941203,0,1,0,0,0,0,1,0,1,0,0,1,0,1,0,0,0,1,0,1,0,0,360.0
0.08073658989549691,-0.9038415053136392,0.0,0,0,1,0,0,0,0,1,0,1,0,1,0,0,0,1,0,0,1,1,0,0,180.0
-0.12221892457667109,-0.0037458309531965103,0.14683716699625754,0,0,1,0,0,1,0,0,0,1,0,1,0,0,0,1,0,0,1,1,0,0,360.0
0.05147033228674177,-0.9038415053136392,-0.03404224533939833,0,0,1,0,0,0,1,0,0,1,0,1,0,0,0,1,0,1,0,1,0,0,360.0
0.23370093567655992,-0.9038415053136392,-0.10379201650361795,0,0,1,0,1,0,0,0,0,1,1,0,0,1,0,0,0,1,0,1,0,0,360.0
-0.23941863326535048,-0.9038415053136392,-0.9645153559941243,0,0,1,0,1,0,0,0,1,0,1,0,0,1,0,0,0,0,1,1,0,0,360.0
0.07415137345676706,0.10552040542242959,-1.7560878400230662,0,0,1,0,1,0,0,0,0,1,0,1,0,1,0,0,1,0,0,1,0,0,360.0
-0.654387307884237,-0.9038415053136392,-1.6081245945413958,0,0,1,0,1,0,0,0,1,0,0,1,0,1,0,0,0,0,1,1,0,0,360.0
-0.1587996561567136,-0.9038415053136392,0.01682060721652303,0,0,1,0,1,0,0,0,1,0,0,1,0,1,0,0,0,1,0,1,0,0,360.0
1.4978489370946781,-0.9038415053136392,1.1290353370923316,0,0,1,0,1,0,0,0,1,0,1,0,0,1,0,0,0,1,0,1,0,0,360.0
-0.15339192093534587,0.014709074472965964,0.03351031343955529,0,1,0,0,0,0,0,1,1,0,0,1,0,0,0,1,0,1,0,1,0,0,360.0
1.1118290017234236,-0.9038415053136392,1.3738624007308993,0,0,1,0,0,1,0,0,1,0,0,1,0,0,0,1,0,0,1,0,0,1,360.0
0.6311714271179397,-0.9038415053136392,0.0665050630984675,0,0,1,0,0,0,0,1,0,1,0,1,0,0,0,1,1,0,0,0,0,1,360.0
-0.2735640946440136,0.1283060285896086,0.17814599203767134,0,0,1,0,1,0,0,0,1,0,0,1,0,0,0,1,0,0,1,1,0,0,360.0
0.024848082828214914,-0.016211867841024605,-0.4912599278947818,0,0,1,0,0,0,0,1,0,1,0,1,0,0,0,1,0,1,0,1,0,0,360.0
-4.974110606126221,0.061643021611127044,0.14683716699625754,0,0,1,0,1,0,0,0,1,0,0,1,0,0,0,1,1,0,0,1,0,0,360.0
-0.02525398349146084,0.059842624795664955,0.08281401185468498,0,0,1,0,1,0,0,0,1,0,0,1,0,0,0,1,0,1,0,1,0,0,360.0
0.4281609585572291,-0.9038415053136392,-1.187533403773706,0,1,0,0,0,0,1,0,1,0,0,1,0,0,0,1,0,1,0,0,1,0,360.0
0.1893099724342889,0.0977629159033671,0.01682060721652303,1,0,0,0,0,0,1,0,1,0,1,0,0,0,0,1,0,1,0,1,0,0,360.0
-0.823937310699377,-0.9038415053136392,-1.572675582063197,0,1,0,0,1,0,0,0,1,0,0,1,0,0,0,1,0,0,1,1,0,0,360.0
0.08729382957127757,0.05556615819481104,-0.17588675221631803,0,0,1,0,0,0,1,0,1,0,0,1,0,0,0,1,0,1,0,1,0,0,360.0
-0.3750579072113926,0.11811026842960007,0.28426173561404544,0,0,1,0,1,0,0,0,1,0,0,1,0,1,0,0,0,1,0,1,0,0,360.0
1.069842636884683,-0.012725385434085428,0.6997817099582421,0,0,1,0,1,0,0,0,1,0,0,1,0,0,0,1,0,1,0,1,0,0,-1.0
0.7725115252140506,-0.9038415053136392,0.03351031343955529,0,0,1,0,1,0,0,0,1,0,0,1,0,0,0,1,0,1,0,1,0,0,360.0
-0.23656742029531003,-0.9038415053136392,0.6379729240647194,0,0,1,0,1,0,0,0,1,0,0,1,0,0,0,1,1,0,0,1,0,0,360.0
0.34412749465851794,-0.9038415053136392,0.19363065444285285,0,0,1,1,0,0,0,0,0,1,0,1,0,0,0,1,0,0,1,0,0,1,360.0
0.7725115252140506,0.05390616895983911,1.0887596665402,0,0,1,0,0,0,1,0,1,0,0,1,0,0,0,1,0,1,0,1,0,0,360.0
0.35160502212010253,-0.9038415053136392,0.4819320177108644,0,0,1,1,0,0,0,0,1,0,0,1,0,0,1,0,0,1,0,1,0,0,480.0
0.8091111577961718,-0.9038415053136392,0.9846316217658946,0,0,1,0,1,0,0,0,1,0,0,1,0,1,0,0,1,0,0,0,0,1,360.0
-0.6469369819995329,0.0786358672209157,-0.40796338337382504,0,0,1,0,0,1,0,0,1,0,0,1,0,0,0,1,0,1,0,1,0,0,360.0
-0.029814905011564145,-0.9038415053136392,-2.3225916468640486,0,0,1,0,1,0,0,0,1,0,0,1,0,0,0,1,1,0,0,0,1,0,180.0
-0.2658031421149117,0.10888426276440163,-0.10379201650361795,0,0,1,0,1,0,0,0,0,1,0,1,0,1,0,0,1,0,0,1,0,0,-1.0
1.216412736767657,-0.9038415053136392,1.7031848433901837,0,0,1,0,1,0,0,0,1,0,1,0,0,1,0,0,0,1,0,1,0,0,360.0
-0.2823420681551927,0.060132384852544025,0.22426855301979323,0,0,1,0,0,1,0,0,1,0,0,1,0,0,0,1,0,1,0,1,0,0,360.0
0.5752399873192405,0.01573454399002729,0.6379729240647194,0,0,1,0,0,1,0,0,1,0,0,1,0,0,0,1,1,0,0,1,0,0,360.0
0.6427632405476554,-0.9038415053136392,1.5033554364201038,1,0,0,0,1,0,0,0,1,0,0,1,0,0,0,1,0,0,1,0,1,0,360.0
-0.13861760826664646,-0.9038415053136392,-0.0686335827706937,1,0,0,0,1,0,0,0,1,0,1,0,0,1,0,0,0,0,1,0,0,1,360.0
0.009542285447538715,-0.9038415053136392,-0.25048962817682546,0,0,1,0,0,1,0,0,1,0,1,0,0,1,0,0,1,0,0,1,0,0,360.0
-0.20601224188785938,-0.9038415053136392,-0.5779228875893806,0,0,1,0,0,1,0,0,1,0,0,1,0,0,0,1,0,1,0,1,0,0,360.0
0.6622451800700616,0.19318417859529713,-0.10379201650361795,0,0,1,0,0,0,1,0,1,0,0,1,0,0,0,1,1,0,0,1,0,0,360.0
-0.6352136925940012,0.07410721123799886,0.22426855301979323,0,0,1,0,0,1,0,0,0,1,0,1,0,0,0,1,0,0,1,1,0,0,180.0
-0.37817705178697186,0.21007982223422517,0.441080945887239,0,0,1,0,1,0,0,0,1,0,0,1,0,1,0,0,0,0,1,1,0,0,60.0
0.7725115252140506,0.01975667537999611,-0.32778146795792146,0,0,1,0,0,0,1,0,1,0,0,1,0,0,0,1,1,0,0,0,0,1,360.0
-0.1642264048431068,0.17721952901008906,-0.051268172699416234,0,0,1,0,1,0,0,0,0,1,0,1,0,0,0,1,0,1,0,1,0,0,360.0
0.722321566318943,0.17474709101454727,-0.10379201650361795,0,0,1,0,1,0,0,0,1,0,0,1,0,1,0,0,0,0,1,0,0,1,180.0
1.451318492676044,-0.9038415053136392,-0.25048962817682546,0,0,1,0,0,0,1,0,1,0,0,1,0,0,0,1,0,0,1,1,0,0,360.0
0.8584679976597941,-0.9038415053136392,0.17814599203767134,0,0,1,0,0,1,0,0,0,1,0,1,0,0,0,1,0,0,1,1,0,0,180.0
-0.421984698593224,0.06468202487776303,-0.051268172699416234,0,0,1,0,0,1,0,0,1,0,0,1,0,0,0,1,0,1,0,1,0,0,480.0
-1.1404706102151332,0.06641647461320069,-0.7148598032487951,0,0,1,0,1,0,0,0,1,0,0,1,0,0,0,1,0,0,1,1,0,0,360.0
-1.2656483031179255,0.16085945275774785,0.9952749013087991,0,1,0,0,1,0,0,0,0,1,0,1,0,0,0,1,0,1,0,1,0,0,360.0
-0.1547420795129411,-0.9038415053136392,0.19363065444285285,0,0,1,0,0,0,1,0,1,0,1,0,0,1,0,0,0,0,1,1,0,0,360.0
-0.5909820881856881,0.08553034128632578,-0.40796338337382504,0,0,1,0,1,0,0,0,0,1,0,1,0,1,0,0,1,0,0,0,0,1,360.0
-0.5450810378790835,0.23835870338936224,1.695539143933313,0,0,1,0,0,1,0,0,0,1,0,1,0,0,0,1,0,1,0,1,0,0,180.0
2.2471496179627874,-0.9038415053136392,0.8975286279222892,0,1,0,0,1,0,0,0,1,0,0,1,0,1,0,0,0,0,1,0,0,1,360.0
-0.31796186856084463,-0.9038415053136392,1.5033554364201038,0,0,1,0,0,0,0,1,1,0,1,0,0,1,0,0,1,0,0,1,0,0,360.0
0.7210456662858034,-0.9038415053136392,-0.1942955899351738,0,1,0,0,1,0,0,0,0,1,0,1,0,1,0,0,1,0,0,1,0,0,360.0
0.5034517423615971,-0.9038415053136392,-0.6226040125861091,0,0,1,0,0,0,0,1,1,0,0,1,0,0,0,1,0,0,1,1,0,0,360.0
2.0906493662306063,0.08148714890711443,1.878951401893184,0,0,1,0,1,0,0,0,1,0,0,1,0,0,0,1,1,0,0,1,0,0,360.0
0.40671724776906704,-0.9038415053136392,0.03351031343955529,1,0,0,0,0,0,0,1,0,1,0,1,0,0,0,1,0,1,0,1,0,0,360.0
0.730716157100718,0.1722565630602798,2.0543951773861897,1,0,0,0,0,1,0,0,1,0,0,1,0,0,0,1,0,0,1,1,0,0,360.0
-0.9400305117810432,0.08800164972967886,0.131009667658652,0,0,1,0,1,0,0,0,1,0,0,1,0,1,0,0,0,1,0,1,0,0,360.0
-0.13061810539597007,-0.9038415053136392,0.441080945887239,0,0,1,0,0,1,0,0,1,0,1,0,0,1,0,0,0,1,0,1,0,0,36.0
0.9908773201773348,-0.9038415053136392,-0.10379201650361795,0,0,1,0,1,0,0,0,1,0,1,0,0,1,0,0,1,0,0,1,0,0,360.0
0.47856152754123116,-0.9038415053136392,0.03351031343955529,0,0,1,0,1,0,0,0,1,0,0,1,0,1,0,0,0,1,0,0,0,1,360.0
0.12004542402029134,0.14529136618593397,0.3853734910682526,0,0,1,0,1,0,0,0,1,0,0,1,0,1,0,0,1,0,0,1,0,0,360.0
0.33530305200383537,0.028093874089659496,0.3712175556704539,0,0,1,0,0,0,1,0,1,0,0,1,0,0,0,1,0,1,0,1,0,0,360.0
0.20721985292442324,0.06242729262033128,0.5087400721052182,0,1,0,0,0,0,0,1,1,0,0,1,0,0,0,1,0,0,1,1,0,0,360.0
-0.1587996561567136,-0.9038415053136392,0.14683716699625754,0,0,1,0,1,0,0,0,1,0,1,0,0,1,0,0,1,0,0,0,1,0,360.0
-0.42520023346916125,0.04322287933400335,-0.7148598032487951,0,0,1,0,0,1,0,0,1,0,1,0,0,1,0,0,0,0,1,1,0,0,360.0
-0.24275171902011924,-0.9038415053136392,-3.024337831106578,0,0,1,0,1,0,0,0,1,0,1,0,0,1,0,0,0,0,1,1,0,0,360.0
1.665291267846592,-0.9038415053136392,0.1625487129167218,0,0,1,0,1,0,0,0,1,0,0,1,0,0,0,1,0,0,1,1,0,0,360.0
-0.44844305260431755,0.06565619271654224,0.0,0,0,1,0,1,0,0,0,1,0,0,1,0,1,0,0,1,0,0,1,0,0,360.0
-0.5690382493055466,0.08881499301592326,0.3712175556704539,0,0,1,0,1,0,0,0,1,0,0,1,0,0,0,1,0,1,0,1,0,0,360.0
0.04475878440544555,-0.9038415053136392,-0.7148598032487951,0,0,1,0,0,0,1,0,1,0,0,1,0,0,0,1,0,1,0,1,0,0,360.0
-0.494321761804801,0.06461215870248892,-0.1942955899351738,0,0,1,0,0,1,0,0,1,0,0,1,0,0,0,1,0,1,0,1,0,0,360.0
0.08112308199271945,0.1386612830589359,1.0580486439907961,0,0,1,0,1,0,0,0,1,0,0,1,0,0,0,1,0,1,0,1,0,0,360.0
-0.3079847414977515,0.01975667537999611,-0.9645153559941243,0,0,1,0,1,0,0,0,1,0,0,1,0,0,0,1,0,0,1,1,0,0,360.0
2.0801022691398505,-0.9038415053136392,2.650201403196537,0,0,1,0,1,0,0,0,1,0,0,1,0,0,0,1,0,1,0,1,0,0,360.0
0.12192837677572091,-0.9038415053136392,-0.03404224533939833,1,0,0,0,1,0,0,0,0,1,1,0,0,0,0,1,1,0,0,1,0,0,360.0
0.10413726855499969,0.10006533701958306,0.4819320177108644,0,1,0,0,0,1,0,0,0,1,0,1,0,1,0,0,0,0,1,0,0,1,360.0
0.05540471163404581,-0.042714041738318685,-0.25048962817682546,0,0,1,0,1,0,0,0,1,0,0,1,0,0,0,1,0,1,0,1,0,0,360.0
-0.7693443100087516,-0.015845890686340493,-1.0181335593802714,0,0,1,0,0,0,1,0,1,0,0,1,0,0,0,1,0,0,1,1,0,0,180.0
-1.1387660753293627,0.0516847933877312,-1.7947306228996986,0,0,1,0,1,0,0,0,1,0,1,0,0,1,0,0,0,0,1,1,0,0,360.0
2.618246129556084,-0.9038415053136392,0.0,0,0,1,0,1,0,0,0,1,0,0,1,0,0,0,1,1,0,0,1,0,0,360.0
-0.28087560136345324,0.12966270515912995,-0.7385574634413719,0,0,1,0,1,0,0,0,1,0,0,1,0,1,0,0,1,0,0,1,0,0,360.0
-0.5808610277735796,0.05556615819481104,-0.5125995708886175,0,0,1,0,1,0,0,0,1,0,1,0,0,1,0,0,0,1,0,0,0,1,300.0
-0.034805875188153375,0.07520612427635782,-0.10379201650361795,0,0,1,0,1,0,0,0,1,0,0,1,0,0,0,1,1,0,0,1,0,0,360.0
0.13093471119821198,-0.9038415053136392,-0.1942955899351738,0,0,1,0,1,0,0,0,1,0,1,0,0,1,0,0,0,1,0,1,0,0,360.0
1.419987176317653,-0.9038415053136392,0.8412362511233503,0,0,1,0,1,0,0,0,1,0,0,1,0,1,0,0,1,0,0,1,0,0,360.0
-0.32197084791134367,0.09953355141293461,0.20900431472973202,0,0,1,0,1,0,0,0,1,0,0,1,0,0,0,1,1,0,0,1,0,0,360.0
0.23089783627782717,-0.9038415053136392,0.01682060721652303,0,1,0,0,0,0,1,0,1,0,0,1,0,0,0,1,0,1,0,1,0,0,360.0
-0.2833204873208877,0.04322287933400335,0.131009667658652,0,0,1,0,0,0,1,0,1,0,0,1,0,0,0,1,0,0,1,1,0,0,360.0
0.5517745911072375,-0.9038415053136392,0.2694200402129898,0,1,0,1,0,0,0,0,1,0,1,0,0,1,0,0,0,0,1,1,0,0,480.0
-0.715321122747501,0.1409995915957419,0.6629106053535379,0,0,1,0,1,0,0,0,1,0,0,1,0,0,0,1,0,1,0,1,0,0,360.0
0.23649895354175948,0.014709074472965964,-0.2887873677856882,0,0,1,0,0,0,0,1,1,0,0,1,0,0,0,1,0,0,1,0,1,0,360.0
0.9195961646158142,-0.9038415053136392,0.9846316217658946,0,0,1,0,0,1,0,0,1,0,0,1,0,0,0,1,0,1,0,1,0,0,360.0
0.32147506709471946,-0.9038415053136392,0.14683716699625754,0,0,1,0,0,1,0,0,1,0,1,0,0,0,0,1,0,0,1,1,0,0,360.0
0.4281609585572291,0.10602808558686944,0.3853734910682526,0,0,1,0,1,0,0,0,1,0,1,0,0,1,0,0,1,0,0,1,0,0,480.0
-0.974869569118604,0.1241480898724762,-0.23159420703530448,0,0,1,0,0,1,0,0,1,0,0,1,0,0,0,1,0,0,1,1,0,0,360.0
-1.1481643983090866,0.12454364883161324,-0.6452985780802306,0,1,0,0,1,0,0,0,0,1,0,1,0,0,0,1,0,0,1,1,0,0,360.0
-0.42573680784696144,0.05801670406893874,-0.38763511338915946,0,0,1,1,0,0,0,0,0,1,0,1,0,0,0,1,0,1,0,1,0,0,360.0
0.4281609585572291,-0.9038415053136392,0.09899987303224236,0,0,1,0,1,0,0,0,1,0,1,0,0,1,0,0,1,0,0,1,0,0,360.0
-1.3059350307924005,0.061857387748199884,-0.5779228875893806,0,0,1,0,0,1,0,0,1,0,0,1,0,0,0,1,0,0,1,1,0,0,360.0
0.08382582021314591,0.10393375828847273,0.22426855301979323,0,0,1,0,1,0,0,0,1,0,0,1,0,1,0,0,1,0,0,1,0,0,360.0
-0.9856307613914996,-0.9038415053136392,0.0,0,0,1,0,1,0,0,0,0,1,0,1,0,1,0,0,0,0,1,1,0,0,360.0
-0.01083098002674646,0.0516847933877312,0.14683716699625754,0,0,1,0,1,0,0,0,1,0,1,0,0,1,0,0,1,0,0,1,0,0,360.0
-0.7043539898342992,0.06607144817874779,-0.40796338337382504,0,1,0,0,1,0,0,0,1,0,1,0,0,1,0,0,0,0,1,1,0,0,360.0
2.5854905125168237,-0.9038415053136392,2.8559431962957227,0,0,1,0,1,0,0,0,1,0,0,1,0,1,0,0,1,0,0,1,0,0,360.0
1.0878618092367283,-0.9038415053136392,0.8182989584006076,1,0,0,0,0,0,1,0,0,1,0,1,0,0,0,1,1,0,0,1,0,0,360.0
-0.4033597643097145,-0.9038415053136392,-0.8611403366581042,0,0,1,0,1,0,0,0,1,0,1,0,0,1,0,0,0,1,0,1,0,0,360.0
-0.3980793753681764,0.09894604004774667,-0.2695530108194872,0,0,1,0,1,0,0,0,0,1,0,1,0,1,0,0,0,1,0,1,0,0,360.0
-0.6370588287159519,-0.9038415053136392,-1.7181290362388855,0,0,1,0,1,0,0,0,1,0,1,0,0,1,0,0,1,0,0,1,0,0,360.0
0.6427632405476554,-0.9038415053136392,0.28426173561404544,1,0,0,0,0,0,1,0,1,0,0,1,0,0,0,1,1,0,0,0,0,1,84.0
-0.658126000504855,0.06468202487776303,0.49537793276574227,0,0,1,0,1,0,0,0,1,0,0,0,1,0,0,1,1,0,0,1,0,0,360.0
-0.16740084206475833,0.04966011108759313,-0.2695530108194872,0,0,1,0,0,1,0,0,0,1,0,1,0,0,0,1,0,0,1,1,0,0,180.0
-0.029399718409950416,-0.9038415053136392,-0.10379201650361795,0,0,1,0,0,0,1,0,1,0,0,1,0,0,0,1,0,1,0,1,0,0,360.0
-0.9415290130465143,0.08355477682802614,-0.76251990743899,1,0,0,0,1,0,0,0,1,0,0,1,0,0,0,1,0,0,1,1,0,0,360.0
-0.104248622624305,-0.9038415053136392,-0.25048962817682546,1,0,0,0,0,1,0,0,1,0,1,0,0,1,0,0,0,1,0,1,0,0,360.0
1.4978489370946781,-0.9038415053136392,0.441080945887239,0,0,1,0,0,1,0,0,1,0,0,1,0,0,0,1,1,0,0,0,0,1,360.0
-0.7043539898342992,0.08553034128632578,-0.1942955899351738,0,0,1,0,1,0,0,0,1,0,0,1,0,0,0,1,0,1,0,1,0,0,360.0
0.21042167627841568,-0.2280337721959718,-0.03404224533939833,0,0,1,0,0,0,0,1,1,0,0,1,0,0,0,1,0,1,0,1,0,0,360.0
-0.07832209730166007,0.045674697488043516,0.0,0,0,1,0,0,0,1,0,0,1,0,1,0,0,0,1,1,0,0,1,0,0,360.0
-0.2769718213950748,0.1267624886533502,0.09899987303224236,1,0,0,0,1,0,0,0,1,0,1,0,0,1,0,0,1,0,0,1,0,0,360.0
2.1236151206168654,-0.9038415053136392,1.850639222710683,0,0,1,0,0,0,0,1,1,0,0,1,0,0,0,1,1,0,0,1,0,0,360.0
1.276884079956205,0.1927456061242016,2.33346727604268,0,1,0,0,0,1,0,0,1,0,0,1,0,0,0,1,1,0,0,0,0,1,360.0
0.4023297551596251,-0.9038415053136392,0.0665050630984675,0,1,0,0,1,0,0,0,1,0,0,1,0,1,0,0,1,0,0,1,0,0,360.0
0.6619799586273261,0.08511380683379154,0.806737655867088,0,0,1,0,1,0,0,0,1,0,0,1,0,0,0,1,0,1,0,0,0,1,360.0
0.20721985292442324,0.10138527366841976,-0.2887873677856882,0,0,1,0,1,0,0,0,1,0,1,0,0,0,0,1,0,0,1,1,0,0,360.0
-0.6413727437923272,-0.9038415053136392,-1.3396976622073233,0,0,1,0,1,0,0,0,1,0,1,0,0,1,0,0,0,0,1,1,0,0,360.0
0.225276318814946,0.06114144209727856,-0.15763458735622402,0,0,1,0,0,1,0,0,1,0,0,1,0,1,0,0,0,0,1,1,0,0,360.0
-0.3938680325584747,-0.9038415053136392,-0.534153686248872,0,0,1,0,1,0,0,0,1,0,0,1,0,1,0,0,0,1,0,1,0,0,360.0
-0.44844305260431755,-0.9038415053136392,-1.2171147889905911,0,0,1,1,0,0,0,0,1,0,0,1,0,1,0,0,0,0,1,1,0,0,360.0
1.4718581860729978,0.06398165180364353,0.7834263782404077,0,0,1,0,0,1,0,0,1,0,0,0,1,0,0,1,0,0,1,0,0,1,180.0
0.5760814900291512,0.179330312638908,-1.2471099132704362,0,0,1,1,0,0,0,0,1,0,0,1,0,0,0,1,0,1,0,0,0,1,-1.0
0.5034517423615971,-0.06211359859903886,0.5087400721052182,0,0,1,0,0,1,0,0,1,0,0,1,0,0,0,1,1,0,0,0,1,0,360.0
-0.6413727437923272,0.18244700936939637,0.7119325437437979,0,0,1,0,0,0,1,0,1,0,0,1,0,0,0,1,1,0,0,0,0,1,360.0
-1.1226661942619207,-0.9038415053136392,0.0,0,1,0,0,0,0,0,1,0,1,1,0,0,1,0,0,0,0,1,1,0,0,360.0
0.14434643511289985,-0.9038415053136392,-1.2171147889905911,0,0,1,0,1,0,0,0,1,0,1,0,0,1,0,0,0,1,0,1,0,0,360.0
-0.5532198087340238,0.04543160532850858,0.6752715411648501,0,0,1,0,0,0,0,1,0,1,0,1,0,0,0,1,1,0,0,1,0,0,360.0
-0.7185616366025434,-0.9038415053136392,-2.1318334072838114,0,0,1,0,1,0,0,0,1,0,1,0,0,1,0,0,1,0,0,1,0,0,360.0
0.2839830713594251,0.012528640206880819,0.4819320177108644,0,0,1,0,0,1,0,0,0,1,0,1,0,0,0,1,0,0,1,1,0,0,360.0
-0.2735640946440136,-0.9038415053136392,-1.1295672689921765,0,0,1,0,0,0,0,1,0,1,0,1,0,0,0,1,0,1,0,1,0,0,360.0
-0.5909820881856881,0.09486722260422704,-0.016953577823020396,0,0,1,0,0,0,1,0,1,0,0,1,0,0,0,1,1,0,0,0,1,0,360.0
-0.6419900028216292,0.10175244477300051,0.5087400721052182,0,0,1,0,1,0,0,0,1,0,0,1,0,0,0,1,0,1,0,1,0,0,360.0
-0.11211227147102418,0.13691913390259183,0.39943659999272246,0,1,0,1,0,0,0,0,0,1,0,1,0,0,0,1,1,0,0,1,0,0,360.0
-0.31796186856084463,0.0855897363950378,0.0,0,0,1,0,0,0,1,0,0,1,0,1,0,0,0,1,0,0,1,1,0,0,360.0
0.7928704796123516,0.18197023779693441,1.5366059695400154,1,0,0,0,1,0,0,0,1,0,0,1,0,0,0,1,0,1,0,1,0,0,360.0
-0.5660966509648112,0.2219195356387443,0.8412362511233503,0,0,1,0,1,0,0,0,1,0,0,1,0,0,0,1,1,0,0,1,0,0,360.0
1.3494140402733725,-0.9038415053136392,1.2643262670222128,0,0,1,0,1,0,0,0,1,0,0,1,0,0,0,1,0,1,0,1,0,0,360.0
1.2917711306428818,0.16971692545263034,1.9068946822410215,0,0,1,0,1,0,0,0,1,0,0,1,0,1,0,0,1,0,0,1,0,0,360.0
-0.542184703416487,0.08044075321310816,-0.600147090887034,0,0,1,0,0,0,0,1,1,0,0,1,0,0,0,1,1,0,0,1,0,0,360.0
0.5752399873192405,-0.9038415053136392,-0.38763511338915946,0,1,0,0,1,0,0,0,1,0,1,0,0,0,0,1,1,0,0,0,0,1,360.0
-0.6896390629632903,-0.101874223712708,0.0665050630984675,0,0,1,0,1,0,0,0,1,0,1,0,0,0,0,1,0,1,0,1,0,0,360.0
0.009947020255732407,-0.9038415053136392,-0.17588675221631803,0,0,1,1,0,0,0,0,1,0,1,0,0,1,0,0,0,0,1,1,0,0,180.0
1.216412736767657,0.1343829393354166,0.5743297842384334,0,0,1,0,0,0,1,0,1,0,0,1,0,0,0,1,1,0,0,1,0,0,360.0
0.0348355395888922,-0.9038415053136392,-1.3396976622073233,0,0,1,0,0,1,0,0,1,0,0,1,0,0,0,1,0,0,1,1,0,0,360.0
-0.36007026917473184,0.0516847933877312,-0.4912599278947818,0,1,0,0,1,0,0,0,0,1,0,1,0,0,0,1,0,0,1,1,0,0,480.0
0.4788602128217369,0.1343829393354166,0.9846316217658946,0,0,1,0,0,0,0,1,1,0,0,1,0,0,0,1,0,1,0,1,0,0,360.0
0.34021174748714245,-0.9038415053136392,-0.9382007138707157,0,0,1,0,0,1,0,0,1,0,1,0,0,1,0,0,0,1,0,1,0,0,360.0
0.4281609585572291,0.15325782404316582,1.3379684009233332,0,0,1,0,0,0,1,0,1,0,0,1,0,0,0,1,0,1,0,1,0,0,360.0
0.3490082498025036,0.09503287959292775,0.0665050630984675,0,0,1,0,1,0,0,0,1,0,0,1,0,0,0,1,0,0,1,1,0,0,360.0
-0.35339862774160136,0.1288164584160142,-0.600147090887034,1,0,0,0,1,0,0,0,1,0,0,1,0,0,0,1,0,0,1,1,0,0,300.0
0.9076531635481404,-0.9038415053136392,0.23942491593314463,0,0,1,0,1,0,0,0,1,0,0,1,0,1,0,0,1,0,0,0,0,1,360.0
0.7640935527602515,-0.9038415053136392,0.11506449066587074,0,0,1,0,1,0,0,0,0,1,0,1,0,1,0,0,1,0,0,1,0,0,360.0
-0.6413727437923272,-0.9038415053136392,-0.5779228875893806,0,0,1,0,1,0,0,0,1,0,0,1,0,1,0,0,0,1,0,1,0,0,480.0
0.46596426374299393,-0.9038415053136392,-0.03404224533939833,0,1,0,0,1,0,0,0,1,0,0,1,0,1,0,0,1,0,0,1,0,0,-1.0
0.790919823830188,-0.9038415053136392,0.6997817099582421,0,0,1,0,0,1,0,0,1,0,0,1,0,0,0,1,0,1,0,1,0,0,360.0
2.5466365424297304,0.19985889861831516,3.223791965308996,0,0,1,0,1,0,0,0,1,0,0,1,0,0,0,1,1,0,0,1,0,0,360.0
2.1997973686940178,-0.9038415053136392,-1.7560878400230662,0,0,1,0,1,0,0,0,1,0,1,0,0,1,0,0,0,1,0,0,0,1,360.0
0.48422668747264475,-0.9038415053136392,0.441080945887239,0,0,1,0,0,0,1,0,1,0,0,1,0,0,0,1,0,1,0,1,0,0,360.0
1.3896628967440305,0.2516493678643711,2.356101960303605,0,0,1,0,0,0,1,0,1,0,0,1,0,0,0,1,1,0,0,0,0,1,300.0
-0.32850773025726526,0.07436662379489668,-0.2695530108194872,0,1,0,0,0,1,0,0,1,0,0,1,0,1,0,0,0,0,1,1,0,0,180.0
-0.48648694202599907,0.034607535143352776,-0.2887873677856882,0,0,1,0,1,0,0,0,1,0,1,0,0,1,0,0,0,0,1,0,1,0,360.0
0.37062247368585505,-0.02431506103163077,-0.10379201650361795,0,0,1,0,1,0,0,0,1,0,0,1,0,0,0,1,0,0,1,1,0,0,180.0
1.2917711306428818,0.19308111934518196,0.0665050630984675,0,0,1,0,0,0,0,1,1,0,0,1,0,0,0,1,1,0,0,1,0,0,360.0
0.19900711123583492,-0.9038415053136392,0.0665050630984675,1,0,0,0,1,0,0,0,1,0,0,1,0,0,0,1,0,1,0,1,0,0,360.0
-0.3249844307408815,-0.9038415053136392,-1.2171147889905911,0,0,1,0,1,0,0,0,1,0,0,1,0,1,0,0,0,0,1,1,0,0,480.0
0.544349995710439,-0.9038415053136392,0.0665050630984675,0,0,1,0,0,0,1,0,1,0,0,1,0,0,0,1,0,0,1,1,0,0,360.0
-0.19765666921735264,0.10393375828847273,0.03351031343955529,0,0,1,0,1,0,0,0,1,0,0,1,0,0,0,1,0,1,0,0,1,0,360.0
0.6942649739081777,0.1717100348387134,1.8219482740547326,0,0,1,0,1,0,0,0,1,0,0,1,0,1,0,0,0,1,0,1,0,0,360.0
0.7095148534296686,-0.9038415053136392,0.45478461184996866,0,0,1,0,1,0,0,0,1,0,1,0,0,1,0,0,0,0,1,1,0,0,360.0
0.9837878715640698,-0.9038415053136392,0.03351031343955529,0,0,1,0,1,0,0,0,1,0,0,1,0,1,0,0,0,0,1,0,0,1,360.0
0.2880439099629002,-0.9038415053136392,-0.4912599278947818,0,0,1,0,0,0,1,0,1,0,0,1,0,0,0,1,0,0,1,1,0,0,360.0
-0.05029708857195487,-0.9038415053136392,-0.23159420703530448,0,0,1,0,0,1,0,0,1,0,0,1,0,1,0,0,0,0,1,0,1,0,180.0
-0.739463605564632,0.04648170696380462,0.09899987303224236,0,0,1,0,1,0,0,0,0,1,0,1,0,1,0,0,0,1,0,1,0,0,360.0
-0.35493567966832523,0.13311639557836225,0.0,0,1,0,0,1,0,0,0,0,1,0,1,0,0,0,1,0,0,1,1,0,0,360.0
-0.7480365523512501,0.09958682888668681,0.1625487129167218,0,0,1,0,1,0,0,0,1,0,0,1,0,0,0,1,0,0,1,1,0,0,360.0
0.5718693810322314,-0.9038415053136392,-0.016953577823020396,0,0,1,0,1,0,0,0,1,0,0,1,0,0,0,1,1,0,0,1,0,0,360.0
1.363620837848659,-0.9038415053136392,0.8182989584006076,0,0,1,0,0,0,0,1,1,0,0,1,0,1,0,0,1,0,0,1,0,0,360.0
1.4193377785244612,-0.9038415053136392,1.6646808212412503,0,0,1,0,0,0,0,1,1,0,0,1,0,0,0,1,1,0,0,1,0,0,360.0
-0.5909820881856881,0.08240343181559774,-0.10379201650361795,1,0,0,0,1,0,0,0,1,0,0,1,0,0,0,1,0,0,1,1,0,0,360.0
-0.9910396246367074,0.04847738201484701,-0.23159420703530448,0,0,1,0,0,0,1,0,0,1,0,1,0,0,0,1,0,1,0,1,0,0,180.0
-0.30947720528739864,0.02929458395610044,-0.23159420703530448,0,0,1,0,0,0,1,0,1,0,0,1,0,0,0,1,0,0,1,1,0,0,360.0
-0.2242726675584879,-0.10733369712175617,0.14683716699625754,1,0,0,0,0,0,1,0,1,0,0,1,0,0,0,1,0,1,0,1,0,0,360.0
-0.2701638750862095,-0.9038415053136392,-1.2171147889905911,0,1,0,0,1,0,0,0,1,0,1,0,0,1,0,0,0,0,1,1,0,0,360.0
-0.34319054699847895,0.034607535143352776,-0.600147090887034,0,0,1,0,1,0,0,0,1,0,0,1,0,0,0,1,0,0,1,1,0,0,360.0
0.045549894716050025,0.0516847933877312,-0.30819579369611777,0,0,1,0,1,0,0,0,0,1,0,1,0,1,0,0,1,0,0,1,0,0,360.0
-1.429398341897476,0.061643021611127044,-0.4284861852127848,0,1,0,0,1,0,0,0,1,0,1,0,0,1,0,0,0,1,0,1,0,0,360.0
-0.4182416885220797,-0.9038415053136392,-2.1779559682659335,0,1,0,0,0,0,1,0,0,1,0,1,0,0,0,1,0,0,1,1,0,0,180.0
-0.4915190441612358,-0.9038415053136392,-1.403720817348896,0,0,1,0,1,0,0,0,0,1,0,1,0,1,0,0,1,0,0,1,0,0,300.0
-1.0144375893733792,-0.9038415053136392,-1.8340824870941481,0,0,1,0,1,0,0,0,0,1,1,0,0,1,0,0,0,1,0,1,0,0,360.0
1.0416874727164744,-0.9038415053136392,0.9196382714364583,0,0,1,0,1,0,0,0,1,0,1,0,0,1,0,0,1,0,0,0,0,1,360.0
0.2816093054789531,-0.9038415053136392,-0.1942955899351738,0,0,1,0,1,0,0,0,1,0,1,0,0,1,0,0,0,1,0,1,0,0,360.0
-0.861910357559553,0.09867810092270196,-0.1942955899351738,0,0,1,0,1,0,0,0,0,1,0,1,0,0,0,1,0,0,1,1,0,0,360.0
-0.8295043363278174,-0.9038415053136392,-1.37147033853771,0,0,1,0,1,0,0,0,0,1,1,0,0,1,0,0,1,0,0,1,0,0,360.0
1.2102890071822114,-0.9038415053136392,0.39943659999272246,0,1,0,0,0,1,0,0,1,0,0,1,0,0,0,1,0,1,0,1,0,0,300.0
0.03164657940033756,-0.9038415053136392,-1.5034884070266012,0,0,1,0,0,1,0,0,0,1,1,0,0,1,0,0,0,1,0,0,0,1,360.0
0.7739922955695823,-0.9038415053136392,0.5087400721052182,1,0,0,0,1,0,0,0,1,0,0,1,0,0,0,1,0,0,1,0,1,0,360.0
0.7340106219207655,-0.9038415053136392,1.1685685565298987,0,1,0,0,1,0,0,0,0,1,0,1,0,0,0,1,1,0,0,1,0,0,360.0
-0.8018678561264452,0.07731290909395949,-0.2887873677856882,0,0,1,0,1,0,0,0,0,1,0,1,0,0,0,1,1,0,0,1,0,0,360.0
-0.8747785243992361,0.13719787509554549,0.7360296110380425,0,1,0,0,1,0,0,0,0,1,1,0,0,0,0,1,0,1,0,1,0,0,360.0
-0.3626439835983353,-0.9038415053136392,-1.572675582063197,0,0,1,0,1,0,0,0,1,0,1,0,0,1,0,0,0,0,1,1,0,0,360.0
-0.5808610277735796,-0.9038415053136392,0.5087400721052182,0,0,1,0,0,1,0,0,1,0,1,0,0,1,0,0,0,0,1,1,0,0,360.0
-2.0166275552201376,0.11727721872807557,-0.25048962817682546,0,0,1,0,1,0,0,0,1,0,0,1,0,0,0,1,1,0,0,1,0,0,360.0
-0.23846764359743786,0.03084804084834086,0.19363065444285285,0,0,1,0,1,0,0,0,1,0,0,1,0,0,0,1,0,1,0,1,0,0,360.0
0.6648948909048562,-0.9038415053136392,0.19363065444285285,0,0,1,0,1,0,0,0,1,0,0,1,0,0,0,1,1,0,0,1,0,0,360.0
-0.5112457930167575,-0.9038415053136392,-0.9645153559941243,0,1,0,0,1,0,0,0,0,1,1,0,0,1,0,0,0,0,1,1,0,0,-1.0
-1.1311188779408,0.0557160107899112,-0.4912599278947818,0,0,1,0,1,0,0,0,1,0,0,1,0,0,0,1,0,0,1,1,0,0,360.0
1.0015572422676238,0.05176203374444461,-0.2887873677856882,0,1,0,0,0,1,0,0,1,0,0,1,0,0,0,1,0,0,1,1,0,0,-1.0
2.1112186453138695,-0.9038415053136392,-0.5779228875893806,0,0,1,0,1,0,0,0,1,0,0,1,0,0,0,1,0,1,0,1,0,0,360.0
-0.542184703416487,0.17376264068588199,-0.08614075285961609,0,0,1,0,1,0,0,0,1,0,0,1,0,0,0,1,1,0,0,1,0,0,360.0
0.3015033907837819,-0.9038415053136392,-0.9382007138707157,0,0,1,0,0,1,0,0,0,1,1,0,0,1,0,0,1,0,0,1,0,0,360.0
0.6927056646169083,-0.9038415053136392,0.11506449066587074,0,0,1,0,0,0,1,0,1,0,0,1,0,0,0,1,0,1,0,1,0,0,360.0
-0.40177374993943615,-0.5380224917439504,-0.786753119245337,0,0,1,0,1,0,0,0,1,0,0,1,0,0,0,1,1,0,0,1,0,0,360.0
-0.5129484475547824,-0.9038415053136392,-1.572675582063197,0,0,1,0,1,0,0,0,0,1,0,1,0,1,0,0,0,0,1,1,0,0,180.0
1.2693863599551292,-0.9038415053136392,0.3712175556704539,0,0,1,0,0,1,0,0,1,0,1,0,0,1,0,0,0,1,0,0,0,1,360.0
0.833037480699005,-0.9038415053136392,-0.38763511338915946,0,1,0,0,1,0,0,0,1,0,0,1,0,1,0,0,1,0,0,1,0,0,360.0
1.8879693506079167,-0.9038415053136392,2.492400450435978,0,0,1,0,1,0,0,0,1,0,0,1,0,1,0,0,0,1,0,0,1,0,360.0
-0.6883661093388075,0.09541858599314158,0.2694200402129898,0,0,1,0,1,0,0,0,1,0,0,1,0,0,0,1,0,1,0,1,0,0,360.0
-0.015760841600485256,-0.9038415053136392,-0.4912599278947818,0,0,1,0,1,0,0,0,1,0,0,1,0,1,0,0,0,0,1,1,0,0,360.0
1.5050854649464684,-0.9038415053136392,0.0,0,0,1,1,0,0,0,0,1,0,1,0,0,0,1,0,0,1,0,1,0,0,240.0
-1.0437923054522618,0.0652395941076464,-1.9566653603108815,0,0,1,0,1,0,0,0,1,0,0,1,0,1,0,0,0,1,0,1,0,0,360.0
-0.8295043363278174,0.0011502591989418884,0.0,0,0,1,0,1,0,0,0,1,0,0,1,0,0,0,1,0,0,1,1,0,0,360.0
1.5607509488127056,-0.9038415053136392,0.8412362511233503,0,1,0,0,1,0,0,0,1,0,0,1,0,1,0,0,0,0,1,0,0,1,360.0
0.9783953142576349,-0.9038415053136392,0.19363065444285285,0,0,1,0,1,0,0,0,0,1,1,0,0,0,0,1,1,0,0,0,0,1,360.0
-0.05324542983562,0.19482200925270673,0.8412362511233503,0,0,1,0,1,0,0,0,1,0,0,1,0,1,0,0,0,1,0,1,0,0,360.0
1.1342582051853884,0.06398165180364353,0.7598589275998693,0,0,1,0,1,0,0,0,1,0,0,1,0,0,0,1,1,0,0,1,0,0,360.0
0.33497524990380495,0.07475476559831297,0.34262224634854455,0,0,1,0,0,0,0,1,0,1,0,1,0,1,0,0,0,1,0,1,0,0,360.0
1.019124365484753,0.25896219228325595,0.6997817099582421,1,0,0,0,1,0,0,0,1,0,0,1,0,0,0,1,1,0,0,1,0,0,300.0
-0.13728147528850235,0.010523546432756518,0.0665050630984675,0,0,1,0,0,1,0,0,1,0,0,1,0,0,0,1,1,0,0,0,0,1,360.0
0.3168380707849617,-0.9038415053136392,-0.2887873677856882,0,0,1,0,0,0,1,0,0,1,0,1,0,0,0,1,1,0,0,1,0,0,360.0
-0.10512038552926377,0.02706907215473671,-1.7560878400230662,0,0,1,0,1,0,0,0,1,0,0,1,0,0,0,1,1,0,0,0,1,0,360.0
-0.19441945656236553,0.05504029684215204,0.3712175556704539,0,1,0,0,0,0,1,0,1,0,0,1,0,0,0,1,1,0,0,1,0,0,360.0
-0.4836984025462682,0.041729067977558876,0.8751886714778692,1,0,0,0,0,1,0,0,0,1,0,1,0,1,0,0,0,1,0,0,0,1,360.0
-0.7639897298519028,0.015222829804969496,-0.016953577823020396,0,1,0,0,0,0,1,0,0,1,0,1,0,0,0,1,1,0,0,1,0,0,360.0
-1.0183719687206834,0.034342608842968234,-1.572675582063197,1,0,0,0,0,0,1,0,0,1,0,1,0,0,0,1,0,0,1,1,0,0,300.0
0.06363440736015367,0.056760125409673734,0.3569675602114044,0,1,0,0,1,0,0,0,1,0,0,1,0,0,0,1,1,0,0,1,0,0,360.0
-0.6518998678902624,0.10217079119344548,-0.7148598032487951,0,1,0,0,1,0,0,0,1,0,0,1,0,0,0,1,1,0,0,1,0,0,180.0
0.9660293752617214,-0.9038415053136392,-0.8611403366581042,0,0,1,0,1,0,0,0,1,0,0,1,0,1,0,0,0,1,0,0,0,1,360.0
0.028451016805023804,-0.9038415053136392,-0.5779228875893806,0,0,1,0,0,0,1,0,1,0,0,1,0,0,0,1,0,1,0,1,0,0,360.0
0.19578149630593805,-0.9038415053136392,-0.13953645103975268,0,0,1,0,1,0,0,0,1,0,0,1,0,0,0,1,0,0,1,1,0,0,360.0
-0.03314042460066591,0.10743903559161355,0.6752715411648501,0,0,1,0,1,0,0,0,1,0,0,1,0,0,0,1,0,0,1,1,0,0,360.0
0.2146804681702184,-0.9038415053136392,0.1625487129167218,0,0,1,0,0,0,1,0,1,0,0,1,0,1,0,0,1,0,0,1,0,0,360.0
1.216597925583308,-0.9038415053136392,0.5087400721052182,0,0,1,0,1,0,0,0,1,0,0,1,0,0,0,1,0,1,0,1,0,0,360.0
-0.9229015098327749,0.1670946689933308,0.5087400721052182,1,0,0,0,1,0,0,0,1,0,0,0,1,0,0,1,0,1,0,0,0,1,360.0
1.1024861384266895,-0.9038415053136392,0.03351031343955529,0,0,1,0,0,0,0,1,1,0,0,1,0,0,0,1,0,0,1,1,0,0,180.0
-0.3523747761735772,0.08677192267490473,0.4134080919222337,0,0,1,0,1,0,0,0,1,0,0,1,0,0,0,1,1,0,0,1,0,0,360.0
0.4860113739488418,-0.9038415053136392,0.09899987303224236,0,0,1,0,0,1,0,0,0,1,1,0,0,1,0,0,0,1,0,0,1,0,360.0
0.14657043576023052,-0.9038415053136392,-0.534153686248872,0,1,0,0,1,0,0,0,1,0,0,1,0,1,0,0,0,1,0,1,0,0,360.0
0.7095148534296686,-0.9038415053136392,0.22426855301979323,0,0,1,0,1,0,0,0,1,0,0,1,0,1,0,0,1,0,0,1,0,0,360.0
-0.38757248535758015,0.051530173572091734,-1.2471099132704362,0,1,0,0,0,0,0,1,0,1,0,1,0,0,0,1,0,0,1,1,0,0,180.0
2.2885683024720573,-0.9038415053136392,-0.2887873677856882,0,0,1,0,1,0,0,0,1,0,0,0,1,0,0,1,0,1,0,1,0,0,360.0
-4.457703665715756,0.12379545914991971,-0.534153686248872,0,0,1,0,0,0,1,0,0,1,1,0,0,0,0,1,0,1,0,0,1,0,360.0
0.20721985292442324,0.10138527366841976,-0.2887873677856882,0,0,1,0,1,0,0,0,1,0,0,1,0,0,0,1,0,0,1,1,0,0,360.0
-0.1444209210669483,0.0801933020496556,0.5352171544048985,0,0,1,0,0,1,0,0,1,0,0,1,0,0,0,1,0,1,0,0,0,1,360.0
-0.5497265076980495,0.03817461887199954,-0.23159420703530448,0,1,0,0,0,1,0,0,0,1,0,1,0,0,0,1,1,0,0,1,0,0,180.0
0.329720925911341,-0.9038415053136392,-0.4912599278947818,0,0,1,0,0,0,0,1,1,0,0,1,0,0,0,1,0,1,0,1,0,0,360.0
-0.6413727437923272,-0.9038415053136392,-0.6452985780802306,1,0,0,0,1,0,0,0,1,0,1,0,0,1,0,0,0,0,1,0,0,1,360.0
0.58419244994411,0.1837837387658912,0.5352171544048985,0,0,1,0,0,0,1,0,1,0,0,1,0,1,0,0,1,0,0,1,0,0,360.0
2.2730495117855605,-0.012216803170268953,0.3712175556704539,0,0,1,0,0,0,1,0,1,0,0,1,0,0,0,1,1,0,0,0,0,1,360.0
0.8798053726023506,0.05801670406893874,1.2829752230222558,0,0,1,0,0,0,1,0,1,0,0,1,0,0,0,1,0,1,0,1,0,0,300.0
-0.4268105165387454,0.06669183183397366,0.09899987303224236,0,1,0,0,0,0,1,0,1,0,0,0,1,0,0,1,0,1,0,1,0,0,360.0
2.286255037775083,0.09036922588968474,-0.8112632880387308,0,0,1,0,0,1,0,0,1,0,0,1,0,0,0,1,0,1,0,0,0,1,360.0
-0.38757248535758015,0.04672282707970314,0.0,0,0,1,0,0,0,1,0,1,0,0,1,0,0,0,1,0,0,1,1,0,0,360.0
0.21326217615018314,-0.9038415053136392,0.42728915284980296,0,0,1,0,1,0,0,0,0,1,1,0,0,1,0,0,1,0,0,1,0,0,360.0
-0.3119678564365409,-0.9038415053136392,-0.23159420703530448,0,0,1,0,0,0,0,1,0,1,0,1,0,0,0,1,1,0,0,1,0,0,360.0
-0.9229015098327749,0.13368992581149594,0.03351031343955529,0,0,1,0,1,0,0,0,1,0,0,1,0,0,0,1,0,1,0,1,0,0,360.0
1.621331990188206,-0.9038415053136392,1.3197935766725695,0,0,1,0,1,0,0,0,1,0,0,1,0,0,0,1,0,1,0,1,0,0,360.0
1.216412736767657,-0.9038415053136392,1.4266015278425257,0,0,1,0,0,0,1,0,1,0,0,1,0,0,0,1,0,1,0,1,0,0,360.0
-1.0183719687206834,0.10059493600160878,0.08281401185468498,0,0,1,0,0,1,0,0,0,1,0,1,0,0,0,1,1,0,0,1,0,0,360.0
-0.10163628431572913,-0.9038415053136392,-0.9645153559941243,0,1,0,0,0,0,1,0,1,0,0,1,0,1,0,0,1,0,0,1,0,0,360.0
2.4332947771234728,-0.9038415053136392,2.943312362397723,0,0,1,0,0,1,0,0,1,0,0,1,0,0,0,1,0,0,1,1,0,0,360.0
0.2937785368412325,0.08044075321310816,0.5087400721052182,0,0,1,0,0,0,1,0,1,0,0,1,0,0,0,1,0,1,0,0,0,1,360.0
-0.6820170416357043,-0.9038415053136392,-1.1011613381353282,0,0,1,0,1,0,0,0,1,0,0,1,0,1,0,0,0,0,1,1,0,0,360.0
-0.5232040080917815,0.11783318343719963,-0.5779228875893806,1,0,0,0,1,0,0,0,0,1,0,1,0,1,0,0,0,1,0,1,0,0,360.0
0.5276575975909381,0.0018347512845093717,0.8297982697379765,1,0,0,0,0,1,0,0,0,1,0,1,0,0,0,1,0,0,1,1,0,0,360.0
-0.04023103431395058,-0.9038415053136392,-0.2887873677856882,0,0,1,0,1,0,0,0,0,1,0,1,0,1,0,0,1,0,0,1,0,0,360.0
2.3404808130014887,-0.9038415053136392,1.2360452010267555,0,0,1,0,1,0,0,0,0,1,1,0,0,1,0,0,0,1,0,0,0,1,360.0
-0.0800370487916479,0.0849348788712907,-0.1215897653378148,0,1,0,0,1,0,0,0,1,0,0,1,0,0,0,1,1,0,0,1,0,0,360.0
-0.2009006858072557,-0.025716579658860768,-0.38763511338915946,0,0,1,0,0,1,0,0,1,0,1,0,0,0,0,1,0,1,0,1,0,0,84.0
-0.5808610277735796,0.054285322283275546,-0.34754765789056724,0,0,1,0,1,0,0,0,0,1,0,1,0,0,0,1,1,0,0,1,0,0,360.0
0.3078557592137343,0.12111949812521051,-0.2695530108194872,1,0,0,0,1,0,0,0,1,0,0,1,0,0,0,1,0,0,1,1,0,0,12.0
-0.41504060300093953,-0.9038415053136392,-0.600147090887034,0,0,1,0,0,1,0,0,1,0,0,1,0,0,0,1,0,1,0,0,0,1,360.0
0.7806382378878589,0.1771903726339693,1.078571445829756,0,1,0,0,1,0,0,0,1,0,0,1,0,1,0,0,1,0,0,1,0,0,360.0
-2.730666690200541,0.15381842684750846,-0.23159420703530448,0,0,1,0,1,0,0,0,1,0,1,0,0,1,0,0,1,0,0,1,0,0,480.0
-0.2803870885623511,-0.9038415053136392,-0.4912599278947818,0,0,1,0,1,0,0,0,1,0,1,0,0,1,0,0,0,1,0,1,0,0,360.0
0.38592327985537866,0.20832867520929244,1.0683345938099715,0,0,1,0,0,0,1,0,1,0,0,1,0,0,0,1,0,1,0,1,0,0,360.0
0.10299467293302403,0.2007362413625474,0.19363065444285285,1,0,0,0,0,1,0,0,0,1,0,1,0,0,0,1,1,0,0,1,0,0,360.0
0.010351648959632793,0.03670755380035756,-0.03404224533939833,0,0,1,0,1,0,0,0,0,1,0,1,0,0,0,1,0,1,0,1,0,0,300.0
-0.11781659363377932,0.1771903726339693,1.4003940763439648,0,0,1,0,0,0,1,0,1,0,0,1,0,0,0,1,1,0,0,1,0,0,360.0
2.630593249820132,0.23023713786677566,2.8559431962957227,1,0,0,0,1,0,0,0,1,0,0,1,0,0,0,1,0,0,1,1,0,0,360.0
-0.08605442944335664,-0.9038415053136392,-0.5779228875893806,0,0,1,0,1,0,0,0,1,0,0,0,1,1,0,0,0,0,1,1,0,0,360.0
-0.654387307884237,0.12796461476223475,0.8526135532770035,0,0,1,0,1,0,0,0,1,0,0,1,0,0,0,1,0,0,1,0,0,1,360.0
1.9335559914322362,-0.9038415053136392,-2.4247355430742967,0,0,1,0,0,1,0,0,1,0,1,0,0,1,0,0,0,0,1,1,0,0,360.0
-0.07960813224527206,0.01846320928910917,-0.4912599278947818,0,0,1,0,1,0,0,0,0,1,0,1,0,1,0,0,1,0,0,1,0,0,360.0
0.7261429502521732,0.07546333512760857,1.4610539382525733,0,0,1,0,0,1,0,0,1,0,0,1,0,0,0,1,0,1,0,1,0,0,360.0
-0.22097920699612295,0.07743949219108642,0.34262224634854455,0,0,1,0,0,0,1,0,1,0,0,1,0,0,0,1,0,0,1,1,0,0,360.0
-0.888478996258127,0.23021782053776166,-1.2471099132704362,0,0,1,0,1,0,0,0,1,0,0,1,0,0,0,1,0,1,0,1,0,0,180.0
0.6611840207417733,0.15322270521787404,1.9276157750908198,0,0,1,0,1,0,0,0,1,0,0,1,0,1,0,0,1,0,0,1,0,0,360.0
-0.13728147528850235,0.14457966813304213,0.3712175556704539,0,0,1,0,0,0,0,1,1,0,0,1,0,0,0,1,1,0,0,1,0,0,360.0
-0.9619024777274192,0.04903067408186297,-0.23159420703530448,0,0,1,0,0,0,1,0,1,0,1,0,0,0,0,1,0,1,0,1,0,0,480.0
-0.32247270328308486,0.061643021611127044,-0.051268172699416234,0,1,0,1,0,0,0,0,0,1,0,1,0,0,0,1,0,1,0,1,0,0,360.0
0.32708704100220276,0.06961532842570409,0.8182989584006076,0,0,1,0,1,0,0,0,1,0,0,1,0,1,0,0,0,1,0,1,0,0,360.0
-0.1669469511095106,-0.9038415053136392,-0.600147090887034,0,0,1,0,1,0,0,0,0,1,1,0,0,1,0,0,1,0,0,1,0,0,360.0
-0.8442140368752113,0.057426899759686185,-2.1779559682659335,0,0,1,0,0,0,1,0,0,1,0,1,0,0,0,1,0,1,0,1,0,0,360.0
-0.6413727437923272,-0.9038415053136392,-1.7560878400230662,0,0,1,0,1,0,0,0,1,0,0,1,0,1,0,0,0,1,0,1,0,0,360.0
0.6241199545230701,0.03148229329902184,-0.4912599278947818,0,0,1,0,0,0,0,1,1,0,0,1,0,0,0,1,1,0,0,0,0,1,360.0
1.1434112747910259,0.23953214887559476,2.8559431962957227,0,0,1,0,0,0,1,0,1,0,0,1,0,0,0,1,1,0,0,0,0,1,360.0
0.32609817422057513,0.08068772987739432,0.0,0,0,1,0,1,0,0,0,1,0,0,1,0,1,0,0,0,1,0,1,0,0,360.0
2.3615252417132964,-0.9038415053136392,2.4658249378066888,0,0,1,0,0,0,1,0,1,0,0,1,0,0,0,1,1,0,0,0,0,1,360.0
-0.0055080060896504105,-0.9038415053136392,-0.2887873677856882,0,0,1,0,1,0,0,0,1,0,0,1,0,0,0,1,0,1,0,1,0,0,360.0
0.5137053563035547,0.032023463384925344,0.5220194732094547,0,1,0,0,0,1,0,0,0,1,0,1,0,0,0,1,0,1,0,1,0,0,360.0
-0.5346795716028396,0.01995452225601081,-0.6226040125861091,0,0,1,0,0,1,0,0,0,1,0,1,0,1,0,0,0,1,0,1,0,0,360.0
0.8988055180805562,-0.9038415053136392,0.0665050630984675,0,0,1,0,1,0,0,0,0,1,0,1,0,1,0,0,0,1,0,1,0,0,360.0
-2.0166275552201376,0.20545762552501226,1.1488930384681544,1,0,0,0,1,0,0,0,1,0,0,1,0,0,0,1,1,0,0,1,0,0,360.0
0.1885892364033558,-0.9038415053136392,-0.4912599278947818,0,0,1,0,0,0,0,1,1,0,0,1,0,0,0,1,0,0,1,1,0,0,360.0
-0.0839026708595276,-0.9038415053136392,-0.2887873677856882,0,1,0,0,0,0,1,0,1,0,0,1,0,1,0,0,1,0,0,1,0,0,360.0
1.6796247437427982,-0.9038415053136392,0.9415223024078845,1,0,0,0,0,1,0,0,1,0,0,1,0,1,0,0,0,1,0,1,0,0,360.0
2.4190864226168762,-0.9038415053136392,-0.016953577823020396,0,0,1,0,1,0,0,0,0,1,1,0,0,1,0,0,0,0,1,0,0,1,360.0
-0.6108203570141431,0.07788155589384883,0.0,0,0,1,0,1,0,0,0,0,1,0,1,0,1,0,0,1,0,0,0,1,0,360.0
0.7433488694793786,0.16138799226717412,2.0151632950892346,0,0,1,0,1,0,0,0,1,0,0,1,0,0,0,1,0,0,1,1,0,0,360.0
-0.07148128307975779,-0.9038415053136392,-0.34754765789056724,0,0,1,0,0,0,1,0,1,0,0,1,0,1,0,0,0,1,0,1,0,0,360.0
-0.4033597643097145,-0.09421569376617522,-1.37147033853771,0,0,1,0,1,0,0,0,0,1,0,1,0,0,0,1,1,0,0,1,0,0,360.0
0.8132048890512329,-0.9038415053136392,0.4684012698233095,0,0,1,0,0,0,0,1,1,0,0,1,0,0,0,1,1,0,0,1,0,0,180.0
0.3021732936511566,0.12057756903274089,0.22426855301979323,0,0,1,0,0,1,0,0,1,0,1,0,0,0,0,1,0,1,0,1,0,0,180.0
-0.8826955471223313,-0.9038415053136392,-0.5125995708886175,0,1,0,0,1,0,0,0,1,0,1,0,0,1,0,0,0,1,0,1,0,0,360.0
-0.05662187347295924,-0.9038415053136392,-0.600147090887034,0,0,1,0,0,1,0,0,1,0,1,0,0,1,0,0,0,1,0,0,1,0,360.0
-0.811484436657549,0.10516383488157495,0.03351031343955529,0,0,1,0,0,1,0,0,0,1,0,1,0,0,0,1,0,0,1,1,0,0,360.0
-0.3513516033272269,-0.0668738702883982,-0.44920727806258326,1,0,0,0,1,0,0,0,0,1,1,0,0,0,0,1,0,1,0,1,0,0,360.0
-0.48425570754679803,0.07194688430148899,0.441080945887239,0,0,1,0,1,0,0,0,1,0,0,1,0,0,0,1,1,0,0,1,0,0,360.0
-0.1861262392129551,-0.9038415053136392,-0.9645153559941243,0,0,1,0,1,0,0,0,0,1,0,1,0,1,0,0,0,1,0,1,0,0,36.0
-0.6254100475197117,0.0604214944934849,0.2990014254298749,0,0,1,0,1,0,0,0,1,0,0,1,0,1,0,0,1,0,0,1,0,0,360.0
0.4281609585572291,-0.9038415053136392,-0.4284861852127848,0,1,0,0,1,0,0,0,1,0,1,0,0,1,0,0,0,1,0,1,0,0,360.0
-0.4748087815303846,0.07623190005932935,-0.2887873677856882,0,0,1,0,1,0,0,0,1,0,0,1,0,0,0,1,1,0,0,1,0,0,360.0
0.8642954461824017,-0.9038415053136392,0.0,0,1,0,0,0,0,1,0,1,0,0,1,0,0,0,1,1,0,0,0,0,1,360.0
-0.6463177417977681,0.09732998006393805,0.0,0,0,1,0,0,1,0,0,0,1,0,1,0,0,0,1,1,0,0,1,0,0,360.0
-0.19765666921735264,0.13771394229312856,0.4819320177108644,0,0,1,0,0,1,0,0,1,0,0,1,0,0,0,1,0,0,1,1,0,0,360.0
-0.6700252955801465,0.09503287959292775,0.7716750259547859,0,1,0,0,1,0,0,0,0,1,0,1,0,0,0,1,0,0,1,1,0,0,360.0
-0.08175390790326192,0.17274042666183592,0.09899987303224236,0,1,0,0,1,0,0,0,1,0,0,1,0,0,0,1,1,0,0,1,0,0,180.0
0.5662352948995767,-0.009952712412254825,-3.3206173162977293,0,0,1,0,0,1,0,0,1,0,0,1,0,0,0,1,0,1,0,1,0,0,360.0
-0.5416060881586535,0.04847738201484701,-0.8611403366581042,1,0,0,0,1,0,0,0,1,0,1,0,0,1,0,0,0,0,1,1,0,0,360.0
1.5191531241267968,-0.9038415053136392,1.544838672264874,0,0,1,0,0,0,0,1,1,0,0,1,0,0,0,1,0,1,0,0,0,1,360.0
0.039606659870912365,0.11235559782058767,0.5352171544048985,0,0,1,0,1,0,0,0,1,0,0,1,0,0,0,1,0,1,0,1,0,0,360.0
0.15174734203923892,0.09353424003671192,0.7834263782404077,0,0,1,0,1,0,0,0,1,0,1,0,0,0,0,1,0,1,0,1,0,0,360.0
-0.046934437607468314,-0.19634457927580976,-0.32778146795792146,0,0,1,0,0,0,1,0,0,1,0,1,0,0,0,1,0,1,0,1,0,0,360.0
2.527272242083172,-0.9038415053136392,3.333608604000437,0,0,1,0,0,1,0,0,1,0,1,0,0,0,0,1,0,1,0,0,0,1,360.0
0.6895823120862514,0.0786358672209157,1.0988997158144214,0,0,1,0,1,0,0,0,1,0,0,1,0,0,0,1,1,0,0,1,0,0,360.0
0.6571981628439644,-0.9038415053136392,0.09899987303224236,0,0,1,0,1,0,0,0,0,1,0,1,0,1,0,0,0,1,0,0,0,1,360.0
1.3003893916452518,-0.9038415053136392,1.5283415414854395,0,1,0,0,0,0,1,0,1,0,0,1,0,0,0,1,0,0,1,1,0,0,360.0
0.25421805985948953,-0.9038415053136392,-0.10379201650361795,1,0,0,0,1,0,0,0,0,1,0,1,0,0,0,1,1,0,0,1,0,0,360.0
-0.19765666921735264,-0.9038415053136392,-1.2471099132704362,0,0,1,0,1,0,0,0,1,0,0,1,0,1,0,0,0,0,1,1,0,0,360.0
-0.1669469511095106,0.10393375828847273,-0.051268172699416234,0,1,0,0,0,0,0,1,1,0,0,1,0,0,0,1,1,0,0,1,0,0,360.0
-0.7185616366025434,-0.9038415053136392,-5.45076138404858,0,0,1,0,1,0,0,0,1,0,1,0,0,1,0,0,0,0,1,1,0,0,360.0
-0.2769718213950748,0.07926110287085233,-0.40796338337382504,0,1,0,0,1,0,0,0,1,0,0,1,0,0,0,1,0,0,1,1,0,0,360.0
-0.15925115716393964,0.05801670406893874,0.8297982697379765,0,0,1,0,0,1,0,0,1,0,0,1,0,0,0,1,0,0,1,1,0,0,360.0
0.4635530839014146,0.03389985044559662,0.5743297842384334,0,1,0,1,0,0,0,0,1,0,0,1,0,0,0,1,0,0,1,1,0,0,360.0
2.2861624350342606,-0.9038415053136392,1.6646808212412503,0,0,1,0,0,0,1,0,1,0,0,1,0,0,0,1,0,0,1,1,0,0,360.0
0.7413345707501612,0.04847738201484701,0.8412362511233503,0,0,1,0,0,0,1,0,0,1,0,1,0,0,0,1,0,1,0,1,0,0,480.0
0.8105572442687838,-0.9038415053136392,0.3712175556704539,0,0,1,0,0,0,0,1,1,0,0,1,0,0,0,1,0,1,0,1,0,0,360.0
-0.2803870885623511,-0.11359123327115306,-0.32778146795792146,0,0,1,0,0,0,1,0,1,0,0,1,0,0,0,1,0,0,1,1,0,0,84.0
-0.31596127698820753,0.08805991631785175,0.1625487129167218,0,1,0,0,1,0,0,0,1,0,0,0,1,0,0,1,0,1,0,1,0,0,360.0
-0.2465697943924554,0.11568882649239434,-0.2887873677856882,0,0,1,0,1,0,0,0,1,0,0,1,0,1,0,0,0,0,1,1,0,0,360.0
-1.1636679947785318,0.08933515733909375,-0.34754765789056724,0,0,1,0,0,1,0,0,1,0,0,1,0,0,0,1,1,0,0,1,0,0,360.0
-0.26919375803214984,0.12379545914991971,0.5220194732094547,0,0,1,0,1,0,0,0,1,0,0,1,0,1,0,0,0,0,1,0,1,0,360.0
0.8425051146310406,-0.9038415053136392,1.0373275511409976,0,0,1,0,0,0,1,0,1,0,0,1,0,0,0,1,0,1,0,1,0,0,360.0
-0.2769718213950748,-0.9038415053136392,-2.6448893280892922,0,0,1,0,1,0,0,0,1,0,1,0,0,0,0,1,0,1,0,1,0,0,360.0
-1.0810835019487994,-0.9038415053136392,-1.5378030019029971,1,0,0,0,0,1,0,0,1,0,0,1,0,0,0,1,1,0,0,1,0,0,360.0
-0.4737011703007943,0.06974970328500749,0.31364050224452644,0,1,0,0,0,1,0,0,1,0,0,1,0,0,0,1,1,0,0,1,0,0,360.0
0.1893099724342889,0.12740787980312573,0.6629106053535379,0,0,1,0,0,1,0,0,1,0,0,1,0,0,0,1,1,0,0,1,0,0,84.0
-0.7720285823065287,0.04004870114307652,-0.40796338337382504,0,0,1,0,1,0,0,0,1,0,0,1,0,0,0,1,0,0,1,1,0,0,360.0
-0.8633348672889098,-0.9038415053136392,-1.2471099132704362,0,0,1,0,1,0,0,0,0,1,1,0,0,1,0,0,0,1,0,1,0,0,360.0
0.3490082498025036,-0.9038415053136392,-0.6226040125861091,0,0,1,0,1,0,0,0,1,0,0,0,1,1,0,0,0,1,0,1,0,0,360.0
-0.5078461084215561,-0.9038415053136392,-0.36749772199713526,0,1,0,0,0,0,1,0,1,0,0,1,0,0,0,1,0,1,0,0,0,1,360.0
-0.36007026917473184,0.14412813991965132,-1.7181290362388855,0,0,1,0,1,0,0,0,1,0,0,1,0,0,0,1,0,1,0,1,0,0,180.0
0.7095148534296686,-0.9038415053136392,1.0373275511409976,0,0,1,0,0,0,1,0,1,0,0,1,0,0,0,1,0,1,0,0,0,1,240.0
1.3952808785589044,-0.9038415053136392,1.792868283744908,0,0,1,0,0,0,0,1,1,0,0,0,1,1,0,0,0,1,0,0,0,1,360.0
0.028451016805023804,0.13967976633591367,0.2544749175289342,0,0,1,0,1,0,0,0,1,0,0,1,0,0,0,1,1,0,0,1,0,0,180.0
2.2347530788360706,-0.9038415053136392,1.544838672264874,0,0,1,0,1,0,0,0,1,0,0,1,0,0,0,1,0,0,1,0,0,1,360.0
0.018019508229301835,-0.9038415053136392,-0.2887873677856882,0,0,1,0,1,0,0,0,0,1,0,1,0,1,0,0,1,0,0,1,0,0,360.0
0.8050065397967593,-0.01400569707950781,0.8412362511233503,0,0,1,0,0,0,1,0,0,1,0,1,0,0,0,1,1,0,0,0,0,1,360.0
-0.36677087424469046,-0.9038415053136392,-0.76251990743899,0,1,0,1,0,0,0,0,1,0,0,1,0,1,0,0,0,1,0,1,0,0,360.0
1.4921281312724266,-0.9038415053136392,0.7598589275998693,0,0,1,0,1,0,0,0,1,0,0,1,0,0,0,1,1,0,0,0,0,1,360.0
0.6518676233297436,-0.9038415053136392,0.8975286279222892,0,0,1,0,0,0,1,0,1,0,0,1,0,0,0,1,0,0,1,1,0,0,360.0
-0.4155736564278223,0.11815639136329247,0.441080945887239,0,0,1,0,1,0,0,0,0,1,0,1,0,0,0,1,1,0,0,0,1,0,360.0
0.6311714271179397,-0.9038415053136392,0.03351031343955529,0,0,1,0,0,0,0,1,1,0,0,1,0,0,0,1,0,0,1,1,0,0,360.0
-0.04651462088185449,0.17379258333182865,0.6629106053535379,0,0,1,0,1,0,0,0,1,0,0,1,0,1,0,0,1,0,0,1,0,0,360.0
1.779228549164162,-0.9038415053136392,2.9261209563042963,0,0,1,0,0,1,0,0,1,0,1,0,0,0,0,1,0,1,0,1,0,0,360.0
-0.7043539898342992,0.15784531463812507,0.0,0,0,1,0,1,0,0,0,0,1,0,1,0,0,0,1,0,0,1,1,0,0,180.0
-0.1669469511095106,0.10393375828847273,0.6752715411648501,0,0,1,0,0,1,0,0,1,0,0,1,0,0,0,1,0,1,0,1,0,0,360.0
0.07880267637071901,0.030301898866958072,0.4684012698233095,0,0,1,0,0,0,1,0,0,1,0,1,0,0,0,1,1,0,0,1,0,0,360.0
-0.24513690908249183,0.07194688430148899,-0.32778146795792146,0,0,1,0,1,0,0,0,1,0,0,1,0,0,0,1,1,0,0,1,0,0,360.0
-0.4123780938325085,-0.9038415053136392,-1.2171147889905911,0,0,1,0,1,0,0,0,1,0,1,0,0,1,0,0,1,0,0,1,0,0,360.0
0.12418489206389714,-0.9038415053136392,-2.4247355430742967,0,0,1,0,0,0,0,1,1,0,0,1,0,0,0,1,1,0,0,1,0,0,180.0
1.167302472890222,-0.19740903402009405,1.486534829203581,0,0,1,0,0,1,0,0,1,0,0,1,0,0,0,1,0,0,1,1,0,0,360.0
1.070860546426423,-0.9038415053136392,0.8412362511233503,0,0,1,0,0,0,1,0,1,0,0,1,0,0,0,1,0,0,1,1,0,0,360.0
0.2937785368412325,-0.9038415053136392,0.11506449066587074,0,1,0,0,1,0,0,0,1,0,1,0,0,1,0,0,0,1,0,0,0,1,360.0
